,title,post_publish_time,code_name,content
11,百利电气：公司第三期员工持股计划尚未开始购买公司股票,2023-07-14 21:18:46,600468.sh,百利电气（SH600468，收盘价：4.99元）7月14日晚间发布公告称，截至本公告披露日，公司第三期员工持股计划尚未开始购买公司股票。2022年1至12月份，百利电气的营业收入构成为：制造业占比96.73%。百利电气的董事长是杨川，男，学历背景为博士。截至发稿，百利电气市值为54亿元。
12,百利电气：公司没有金属材料产业,2023-07-10 16:51:30,600468.sh,每经AI快讯，有投资者在投资者互动平台提问：公司拥有金属材料产业吗？百利电气（600468.SH）7月10日在投资者互动平台表示，公司没有金属材料产业。公司主营业务为输配电及控制设备、电线电缆及泵的研发、生产和销售。
30,大宗交易：百利电气成交161.77万元，折价1.58%（03-14）,2023-03-14 17:25:50,600468.sh,2023年3月14日，百利电气发生了1笔大宗交易，总成交32.55万股，成交金额161.77万元，成交价4.97元。当日收盘报价5.05元，涨幅0.60%，成交金额6.07亿元；大宗交易成交金额占当日成交金额0.27%，折价1.58%。 3月14日，中芯国际、晶科能源、昊华科技、亚康股份、江苏阳光等公司均发生大宗交易，具体情况如下表：
33,大宗交易：百利电气成交1580.8万元，折价1.59%（03-13）,2023-03-13 17:14:29,600468.sh,2023年3月13日，百利电气发生1笔大宗交易，总成交320万股，成交金额1580.8万元，成交价4.94元，折价1.59%。
35,“室温超导”火爆全网 中科院解读来了！上市公司纷纷回应,2023-03-11 14:03:58,600468.sh,近日，美国罗切斯特大学科学家RangaDias领衔的团队声称，该团队研发的由氢、氮、镥三种元素组成的三元相超导体材料，在大约1GPa(相当于约1万个大气压)下可以实现约294K(约21℃)的室温超导电性。RangaDias本人称，该项研究将是一项重塑21世纪的革命性技术。 不过，这项研究遭到了一些科学家的质疑。3月10日下午，在中国科学院物理研究所举行的一场名为“1GPa压力下的室温超导现象的解读会”上，中国科学院物理研究所研究员孙力玲称，从实验的角度，对RangaDias团队实验结果的部分细节存在一些疑问。 市场方面，截至3月10日收盘，超导概念股涨跌分化，百利电气及法尔胜两连板，当日早盘一度跌超6%的永鼎股份快速翻红，收盘上涨3.04%。西部超导收盘跌幅达4.57%，宝胜股份、联创光电等跟跌。  超导材料不仅在临界温度下具有零电阻特性，而且在一定的条件下还具备完全抗磁性和宏观量子效应等常规导体所不具备的特性，这些性质使超导体能够实现大电流传输、获得强磁场、实现磁悬浮、检测微弱磁场信号等多种应用。因此，其被广泛应用于电子通信、电力能源、交通运输、国防军事、医疗器械等诸多领域。 RangaDias在2020年曾发表类似论文称，在260万个大气压下，成功创造出了临界温度约为15℃的室温超导材料，但这篇论文后来被《自然》杂志撤稿。 对此，RangaDias近日在对媒体的回信中表示，“首先，这项工作在我们的罗彻斯特大学实验室和其他实验室都重复了好几次，并有第三方观察和独立的工作验证；其次，我们的论文已经经过了同行审议，并符合该出版物的严格标准；最后，我们还重新提交了2020年的论文供《自然》杂志再次审议，因为《自然》杂志编辑当时提出的问题对实验数据的质量或我们得出的结论没有影响。我们也对2020年当时工作和实验的质量充满信心。” RangaDias称：“这种新的室温超导材料将改变整个超导行业，将使得一系列技术成为可能，并将改变我们使用、存储和传输能源的方式，更不用说在计算、交通和医疗设备中的更多种应用了。我们认为这将是一项重塑21世纪的革命性技术。” 但他同时也承认，要将其团队室温超导新材料的发现应用到任何规模的现实世界中，还需要几年的艰苦工作。 民生证券研究所电子首席分析师方竞在接受中国证券报记者采访时表示，超导领域目前有两种技术路线，一种是低温和高温，一种是高压。“对于新研究的出现会不会颠覆高温超导，我认为目前室温超导需要高压环境，物理学上意义较大，但实际应用领域还有待观察。高温超导目前需用液氮来冷却，相对来说成本会低一点，可行性更好，商业化前景相对较好。”  中国科学院物理研究所3月10日举行的“1GPa压力下的室温超导现象的解读会”上，研究员孙力玲从实验的角度对RangaDias团队实验结果的部分细节存在一些疑问。 例如，在另一轮电阻测量结果中，有一样品没有达到零电阻，作者解释该结果是由于测量仪器漂移，采用函数拟合再减去220k以下的背底，得到零电阻。“一般而言，仪器漂移是很少见的，我在实验中暂时没有见过。”孙力玲说。 “接近室温的超导体颜色不同于已知超导体，竟然是粉色，与通常看到的超导体具有的黑色和褐色等完全不同。”孙力玲称，如果其颜色是样品的本色，说明即使将来其他研究组可以从实验上证实其超导电性，这种超导体也应该不是以前所知道的超导体。 “我太惊讶了，昨天接到了不认识的两个金融界的人士的电话，问可不可以投资或是否有企业在国内做这个事情。作为超导研究的学者，我觉得我们肩负重担。”孙力玲表示。 3月9日，中国科学院物理研究所研究员、科普作家罗会仟发表题为《室温超导引爆全网？！科学家：淡定！》的文章称，实验结果验证方面，可能需要几周或者一两个月的时间，或将有实验室能完成对这项工作的验证。 “如果这个工作被证实是可重复的，是真的，那确实对超导界会有比较大的冲击。不过，一种超导材料要想被应用，临界温度、临界磁场和临界电流密度都很重要，三个参数都要高，才能具备大规模应用的基础。所以，并不是找到了一种室温超导体，就马上能用了，就立刻带来技术革命、能源革命，现在还远远到不了这个地步。”罗会仟说。  3月10日晚间，百利电气发布股票异动公告称，公司关注到室温超导热点概念。公司主营业务为输配电及控制设备、电线电缆及泵。公司不涉及“室温超导”相关业务，也未开展相关研发和投入。公司下属控股子公司北京英纳超导技术有限公司从事铋系高温超导线材的研发生产，与“室温超导”无关。2021年度，北京英纳超导技术有限公司营业收入8.76万元，实现净利润-601.45万元。目前收入金额小，处于亏损状态，不会对公司业绩产生重大影响。 此前，永鼎股份也在3月9日晚间公告称，公司主营业务为通信科技、海外电力工程、汽车线束及超导电力，不涉及“室温超导”相关业务，也未开展相关研发和投入。 据去年9月发布的投资者关系活动记录表，永鼎股份称，高温超导发展进入加速期，关键应用领域方面取得多项重要进展。公司2021年报显示，超导产业是公司的战略性长期发展方向之一，是公司坚持了十多年的基础科学领域的重要创新研发项目。公司已具备小批量的生产能力，且已开始向用户提供性能指标优良的超导带材。但目前超导带材的制备成本仍然较高，商业化可能较预期迟滞，有可能导致公司达成目标的不确定性。
36,2连板热门股提示风险！多股火速澄清 事关25万股东！下周3股解禁压力较大,2023-03-11 13:01:50,600468.sh,百利电气昨日盘中直线拉升封板，至此，百利电气两连板，累计涨幅20.85%。 公司下属控股子公司北京英纳超导技术有限公司从事铋系高温超导线材的研发生产，与“室温超导”无关。2021年度，北京英纳超导技术有限公司营业收入8.76万元，净利润亏损601.45万元。目前收入金额小，处于亏损状态，不会对公司业绩产生重大影响。 近日，美国罗切斯特大学的物理学家RangaDias及其团队日前在美国物理学会会议上宣布，他们找到了一种由氢、氮和镥组成的新材料，能在室温和不太高的压力环境条件下表现出超导性。随着消息传开，室温超导成为A股市场热点，多只概念股收获涨停板。 近日，多家上市公司先后对超导业务予以澄清。3月9日盘后，乘“超导”风涨停的永鼎股份表示，不涉及“室温超导”相关业务，也未开展相关研发和投入；汉缆股份回复投资者时表示，该公司目前暂未有超导技术规划及应用。昨日盘后，中科电气通过深交所互动易平台回答投资者提问称，公司目前没有涉足超导领域。 目前发布澄清消息的4股，持股股东户数合计有25.66万户。  下周将有36只股解禁，按照最新收盘价计算，合计解禁市值478.91亿元。软通动力、东岳硅材、腾远钴业解禁市值居前，均超50亿元。 软通动力解禁市值规模最大，下周将有2.96亿股上市流通，主要为首发原股东限售股份和首发战略配售股份，解禁市值达110.57亿元。 钜泉科技、路斯股份、菱电电控、有研粉材等12股的解禁压力较小，解禁市值均不足亿元。其中景津装备、科威尔的解禁市值不足千万。 14股解禁股数量占总股本比例超过10%，卫星化学、景津装备、药明康德的解禁比例较小。  下周将要解禁个股中，其中天娱数科、莱特光电、国网信通等13股涨幅均超10%。 26股发布2022年业绩预告或快报，按照预告下限数据和快报数据综合来看，多数个股实现盈利，药明康德、国网信通、景津装备的归母净利润额居前，分别达93.99亿元、8.01亿元和8亿元。业绩增长幅度来看，格灵深瞳-U、瑞可达、钜泉科技、药明康德的归母净利润同比增长幅度居前。
37,盘中直线封板 百利电气：不涉及“室温超导”相关业务,2023-03-10 23:02:00,600468.sh,3月10日，百利电气发布股票交易异常波动公告，公司不涉及“室温超导”相关业务，也未开展相关研发和投入。 盘面上，百利电气盘中直线拉升封板，截至收盘，该股报5.21元。 公告称，公司下属控股子公司北京英纳超导技术有限公司从事铋系高温超导线材的研发生产，与“室温超导”无关。2021年度，北京英纳超导技术有限公司营业收入8.76万元，实现净利润-601.45万元。目前收入金额小，处于亏损状态，不会对公司业绩产生重大影响。请广大投资者注意投资风险，理性决策，审慎投资。 据公告，公司主营业务为输配电及控制设备、电线电缆及泵。
38,百利电气称不涉及“室温超导”相关业务,2023-03-10 20:41:14,600468.sh,3月10日晚间，百利电气(600468)发布公告称，公司主营业务为输配电及控制设备、电线电缆及泵。公司不涉及“室温超导”相关业务，也未开展相关研发和投入。因被市场看作是室温超导概念股，百利电气于3月9日、3月10日两个交易日涨停，截至3月10日收盘，百利电气报5.21元/股，涨幅为9.92%。百利电气表示，公司关注到室温超导热点概念。
39,两连板的百利电气：公司不涉及“室温超导”相关业务,2023-03-10 20:34:08,600468.sh,3月10日，两连板的百利电气发布股票交易异常波动公告。公告称，公司主营业务为输配电及控制设备、电线电缆及泵。公司不涉及“室温超导”相关业务，也未开展相关研发和投入。公司下属控股子公司北京英纳超导技术有限公司从事铋系高温超导线材的研发生产，与“室温超导”无关。2021年度，北京英纳超导技术有限公司营业收入8.76万元，实现净利润-601.45万元。
40,百利电气：公司不涉及“室温超导”相关业务,2023-03-10 19:09:53,600468.sh,百利电气(600468)3月10日晚间发布股票交易异动公告，公司主营输配电及控制设备、电线电缆及泵业务，不涉及“室温超导”相关业务，也未开展相关研发和投入。公司下属控股子公司北京英纳超导技术有限公司从事铋系高温超导线材的研发生产，与“室温超导”无关。2021年度，北京英纳超导技术有限公司营业收入8.76万元，实现净利润-601.45万元，目前收入金额小，处于亏损状态。
41,百利电气：公司不涉及“室温超导”相关业务 也未开展相关研发和投入,2023-03-10 19:07:07,600468.sh,【百利电气：公司不涉及“室温超导”相关业务 也未开展相关研发和投入】百利电气发布股票异动公告，公司主营业务为输配电及控制设备、电线电缆及泵。公司不涉及“室温超导”相关业务，也未开展相关研发和投入。公司下属控股子公司北京英纳超导技术有限公司从事铋系高温超导线材的研发生产，与“室温超导”无关。
42,中国银河证券绍兴营业部今日净买入1463.32万,2023-03-10 17:45:02,600468.sh,2023年3月10日交易公开信息显示，中国银河证券绍兴营业部上榜百利电气、新炬网络，交易明细数据如下表：
43,百利电气放量涨停 两机构卖出2399万元,2023-03-10 17:07:57,600468.sh,2023年3月10日讯，百利电气今日放量涨停，封单近6万手，成交额近6亿元；盘后交易数据显示，两机构席位合计净卖出2399万元。
52,百利电气股东户数增加19.79%，户均持股14.39万元,2022-10-27 16:10:09,600468.sh,百利电气2022年10月28日在三季度报告中披露，截至2022年9月30日公司股东户数为3.1万户，较上期（2022年6月30日）增加5122户，增幅达19.79%。 百利电气股东户数低于行业平均水平。根据Choice数据，截至2022年9月30日电力设备行业上市公司平均股东户数为4.61万户。其中，公司股东户数处于2万~4万区间占比最高，为26.05%，百利电气也处在该区间范围内。  2021年9月30日至今，公司股东户数显著增长，区间涨幅为22.49%。2021年9月30日至2022年9月30日区间股价下降17.29%。  截至2022年9月30日，公司最新总股本为10.88亿股，且均为流通股。户均持有流通股数量由上期的4.2万股下降至3.51万股，户均流通市值14.39万元。 百利电气户均持有流通市值低于行业平均水平。根据Choice数据，截至2022年9月30日，电力设备行业A股上市公司平均户均持有流通股市值为44.85万元。其中，26.37%的公司户均持有流通股市值在11.5万~24.5万区间内，百利电气也处在该区间范围内。
53,百利电气：2022年前三季度净利润同比增长1.45%,2022-10-27 15:56:48,600468.sh,百利电气（600468）发布三季报，2022年前三季度实现营业总收入17.5亿元，同比下降0.88%；归属母公司股东净利润9811.74万元，同比增长1.45%；基本每股收益为0.0902元。
54,百利电气：控股子公司研发项目纳入2022年度江苏省碳达峰碳中和科技创新专项资金项目,2022-10-19 17:23:57,600468.sh,百利电气(600468)10月19日晚间公告，公司控股子公司苏州贯龙公司“13MW及以上风电发电机用高性能定子绕组研发及产业化项目”被纳入2022年度江苏省碳达峰碳中和科技创新专项资金(重大科技成果转化)项目，省财政资助经费1500万元(该项目新增投入6000万元，其中苏州贯龙公司自筹资金4500万元，专项资金1500万元)。
55,百利电气：公开选聘总经理及副总经理各一名,2022-10-19 17:18:42,600468.sh,百利电气10月19日公告，公司拟于近日在招聘媒体发布《面向社会公开选聘天津百利特精电气股份有限公司总经理、副总经理公告》。其中，选聘总经理1名，全面负责公司的经营管理；选聘副总经理1名，负责公司生产经营等工作。
56,百利电气：总经理史祺辞职 董事长杨川代行职务,2022-10-16 19:43:17,600468.sh,百利电气10月16日公告，公司董事会于近日收到总经理史祺提交的书面辞职报告，史祺申请辞去总经理职务，辞职后史祺将不在公司担任任何职务，办理退休。根据控股股东天津液压机械(集团)有限公司的建议，经公司治理委员会审查，自董事会通过之日起，至公司完成聘任新的总经理期间，由董事长杨川代行总经理职务。
57,百利电气人气较昨日提升2105 现居飙升榜第18,2022-09-13 10:08:45,600468.sh,截至9月13日10时，百利电气最新人气排名第767，环比昨日人气排名提升2105位次，当前人气提升位次居飙升榜第18位。 
58,【图解中报】百利电气：2022上半年归母净利润同比增长6.1%，约为5957万元,2022-08-25 19:22:58,600468.sh,百利电气于2022年8月26日披露中报，公司2022上半年实现营业总收入11.31亿元，同比增长1.3%；实现归母净利润5957万元，同比增长6.1%；每股收益为0.05元。  公司2022半年度营业成本8.85亿元，同比增长2.3%，高于营业收入1.3%的增速，导致毛利率下降0.7%。期间费用率为15.5%，同去年相比变化不大。经营性现金流大幅上升264%至8635万元。
59,百利电气股东户数下降1.34%，户均持股19.29万元,2022-08-25 16:42:16,600468.sh,百利电气2022年8月26日在半年度报告中披露，截至2022年6月30日公司股东户数为2.59万户，较上期（2022年3月31日）减少352户，减幅为1.34%。 百利电气股东户数低于行业平均水平。根据Choice数据，截至2022年6月30日电力设备行业上市公司平均股东户数为4.74万户。其中，公司股东户数处于2万~4万区间占比最高，为26.09%，百利电气也处在该区间范围内。  2021年6月30日至今，公司股东户数有所增长，区间涨幅为4.10%。2021年6月30日至2022年6月30日区间股价上涨13.05%。  截至2022年6月30日，公司最新总股本为10.88亿股，且均为流通股。户均持有流通股数量由上期的4.28万股下降至4.2万股，户均流通市值19.29万元。 百利电气户均持有流通市值低于行业平均水平。根据Choice数据，截至2022年6月30日，电力设备行业A股上市公司平均户均持有流通股市值为47.04万元。其中，24.41%的公司户均持有流通股市值在12万~23万区间内，百利电气也处在该区间范围内。
60,百利电气：2022年半年度净利润约5957万元 同比增加6.1%,2022-08-25 16:14:46,600468.sh,每经AI快讯，百利电气(SH600468，收盘价：4.76元)8月25日晚间发布半年度业绩报告称，2022年上半年营业收入约11.31亿元，同比增加1.3%；归属于上市公司股东的净利润约5957万元，同比增加6.1%；基本每股收益0.0548元，同比增加6.2%。公司不进行利润分配、公积金转增股本。 2021年1至12月份，百利电气的营业收入构成为：制造业占比89.58%，贸易业占比6.58%。 百利电气的董事长是杨川，男，学历背景为博士；总经理是史祺，男，学历背景为博士。 截至发稿，百利电气市值为52亿元。
61,百利电气：2022上半年净利润同比增长6.1%,2022-08-25 15:49:37,600468.sh,百利电气（600468）发布中报，2022上半年实现营业总收入11.31亿元，同比增长1.3%；归属母公司股东净利润5956.92万元，同比增长6.1%；基本每股收益为0.0548元。
62,百利电气：100KVA储能变流器目前处于研发阶段 尚未投产,2022-08-10 17:09:36,600468.sh,百利电气8月10日在互动平台回答投资者提问时表示，100KVA储能变流器由控股子公司辽宁荣信兴业电力技术有限公司研发，该产品属于小功率产品，目前处于研发阶段，尚未投产。
63,百利电气：公司没有直接从事生产电机产品,2022-08-10 13:33:35,600468.sh,每经AI快讯，有投资者在投资者互动平台提问：尊敬的董秘，你好！请问贵司有否生产电机产品？或者生产应用于电机的产品？谢谢！ 百利电气(600468.SH)8月10日在投资者互动平台表示，公司控股子公司苏州贯龙电磁线有限公司生产的电磁线、线圈等产品主要应用于B、F、H、C级绝缘等级的汽轮发电机、水轮发电机、风电、核电、各类交(直)流电机、高压电机等，但公司没有直接从事生产电机产品。
64,百利电气：公司有超导产品研发 但超导限流器未进行产业化,2022-08-10 13:11:05,600468.sh,每经AI快讯，有投资者在投资者互动平台提问：董秘，你好！贵司作为国内首家超导限流器产业化的企业，超导限流器目前产量如何？谢谢！ 百利电气(600468.SH)8月10日在投资者互动平台表示，公司有超导产品研发，但超导限流器未进行产业化。
65,百利电气：100KVA储能变流器由控股子公司辽宁荣信兴业电力技术有限公司研发,2022-08-10 13:11:05,600468.sh,每经AI快讯，有投资者在投资者互动平台提问：请问公司21年研发送样的100KVA储能变流器由哪个子公司研发生产，22年可以批量销售生产了吗？ 百利电气(600468.SH)8月10日在投资者互动平台表示，100KVA储能变流器由控股子公司辽宁荣信兴业电力技术有限公司研发，该产品属于小功率产品，目前处于研发阶段，尚未投产。
66,百利电气：公司互感器产品的主要客户为国内成套电气厂商 电网公司属于目标客户但产品销量较少,2022-08-10 13:11:04,600468.sh,每经AI快讯，有投资者在投资者互动平台提问：尊敬的董秘，你好！请问贵司生产的互感器和电磁线产品主要供应给哪些企业？是否有跟国网合作？产量如何？谢谢！ 百利电气(600468.SH)8月10日在投资者互动平台表示，公司互感器产品的主要客户为国内成套电气厂商，电网公司属于目标客户但产品销量较少；电磁线产品的主要客户为国内重点重型发电装备制造企业，销售收入占比较大但电网公司不属于目标客户。
67,百利电气：100KVA储能变流器产品处研发阶段 尚未投产,2022-08-10 13:10:02,600468.sh,e公司讯，百利电气(600468)在互动平台回复投资者提问称，100KVA储能变流器由控股子公司辽宁荣信兴业电力技术有限公司研发，该产品属于小功率产品，目前处于研发阶段，尚未投产。
68,（7-29）百利电气连续三日收于年线之上,2022-07-29 15:40:18,600468.sh,2022年7月29日，百利电气A股开盘4.73元，全日上涨1.68%，股价收报4.83元。自2022年7月27日以来，百利电气收盘价连续三日收于年线（250日均线）之上。  东方财富Choice数据显示，百利电气股价前一次连续三日收于年线之上为今年的7月20日，当日收盘价为4.84元（前复权），次日股价出现了下跌。  回溯近一年股价，百利电气共计实现7次连续三日收于年线之上。历史数据显示，次日股价跌多涨少，共计实现上涨3次，最大涨幅为8.21%；遭遇下跌4次，最大跌幅为3.58%。  统计2021年1月29日至2022年1月28日的全市场数据，东方财富Choice数据显示，共有3438只个股连续三日收与年线之上10020次，其中4483次第二日股价上涨，5236次股价下跌，301次股价无变动，全市场次日平均收益率为0.01%。若将期限拉长，一个月（20日）、三个月（60日）、六个月（120日）平均收益率分别为2.19%、4.61%、5.93%。
87,百利电气：2022年第一季度净利润约2745万元,2022-04-27 16:04:14,600468.sh,百利电气(SH600468，收盘价：3.6元)4月27日晚间发布一季度业绩公告称，2022年第一季度营收约5.18亿元；净利润约2745万元；基本每股收益0.0252元。 2021年1至12月份，百利电气的营业收入构成为：制造业占比89.58%，贸易业占比6.58%。 百利电气的董事长是赵久占，男，学历背景为博士；总经理是史祺，男，学历背景为博士。
88,百利电气股东户数下降3.25%，户均持股20.7万元,2022-04-27 16:02:25,600468.sh,百利电气2022年4月28日在一季度报告中披露，截至2022年3月31日公司股东户数为2.62万户，较上期（2021年12月31日）减少880户，减幅为3.25%。 百利电气股东户数低于行业平均水平。根据Choice数据，截至2022年3月31日电力设备行业上市公司平均股东户数为4.87万户。其中，公司股东户数处于2万~4万区间占比最高，为25.26%，百利电气也处在该区间范围内。  2021年3月31日至今，公司股东户数有所增长，区间涨幅为1.45%。2021年3月31日至2022年3月31日区间股价上涨17.78%。  截至2022年3月31日，公司最新总股本为11.22亿股，且均为流通股。户均持有流通股数量由上期的4.14万股上升至4.28万股，户均流通市值20.7万元。 百利电气户均持有流通市值低于行业平均水平。根据Choice数据，截至2022年3月31日，电力设备行业A股上市公司平均户均持有流通股市值为45.11万元。其中，25.61%的公司户均持有流通股市值在11万~22万区间内，百利电气也处在该区间范围内。
89,【图解季报】百利电气：2022年一季度归母净利润同比小幅增长2.2%，约为2745万元,2022-04-27 15:58:40,600468.sh,百利电气于2022年4月28日披露一季报，公司2022年一季度实现营业总收入5.2亿，同比增长1.4%；实现归母净利润2745.4万，同比增长2.2%；每股收益为0.03元。  公司2022一季度营业成本4亿，同比增长1.3%，低于营业收入1.4%的增速，导致毛利率上升0.1%。期间费用率为15.6%，同去年相比变化不大。
90,百利电气：2022年一季度净利润同比增长2.18%,2022-04-27 15:53:51,600468.sh,百利电气（600468）发布一季报，2022年一季度实现营业总收入5.18亿元，同比增长1.38%；归属母公司股东净利润2745.43万元，同比增长2.18%；基本每股收益为0.0252元。
91,百利电气股价连续3日创逾26个月新低,2022-04-27 15:49:30,600468.sh,2022年4月27日行情数据显示，百利电气股价盘中最低触及3.37元，创2020年2月7日以来新低。近一年来，百利电气股价下跌8.87%。
92,百利电气股价连续2日创逾26个月新低,2022-04-26 15:41:35,600468.sh,2022年4月26日行情数据显示，百利电气股价盘中最低触及3.5元，创2020年2月17日以来新低。近一年来，百利电气累计跌幅达11.31%。
94,百利电气股价创逾26个月新低,2022-04-25 15:49:43,600468.sh,2022年4月25日行情数据显示，百利电气股价盘中最低触及3.61元，创2020年2月18日以来新低。近一年来，百利电气股价下跌8.30%。
98,百利电气：上海疫情对子公司苏州贯龙有一定影响,2022-04-20 13:01:35,600468.sh,e公司讯，百利电气(600468)4月20日在互动平台表示，控股子公司苏州贯龙电磁线有限公司经营场所靠近上海，生产经营因疫情受到一定程度的影响。控股子公司辽宁荣信兴业电力技术有限公司目前未因疫情造成停产。
99,百利电气：控股子公司苏州贯龙电磁线有限公司经营场所靠近上海 生产经营因疫情受到一定程度的影响,2022-04-20 12:52:29,600468.sh,每经AI快讯，有投资者在投资者互动平台提问：请问董秘公司分子公司受疫情影响江苏贯龙、辽宁荣信停工停产情况如何谢谢！ 百利电气(600468.SH)4月20日在投资者互动平台表示，控股子公司苏州贯龙电磁线有限公司经营场所靠近上海，生产经营因疫情受到一定程度的影响。控股子公司辽宁荣信兴业电力技术有限公司目前未因疫情造成停产。
100,百利电气股东户数下降3.25%，户均持股20.7万元,2022-04-19 19:18:27,600468.sh,百利电气2022年4月20日在年度报告中披露，截至2022年3月31日公司股东户数为2.62万户，较上期（2021年12月31日）减少880户，减幅为3.25%。 百利电气股东户数低于行业平均水平。根据Choice数据，截至2022年3月31日电力设备行业上市公司平均股东户数为4.93万户。其中，公司股东户数处于2万~4万区间占比最高，为25.81%，百利电气也处在该区间范围内。  2021年3月31日至今，公司股东户数有所增长，区间涨幅为1.45%。2021年3月31日至2022年3月31日区间股价上涨17.78%。  截至2022年3月31日，公司最新总股本为11.22亿股，且均为流通股。户均持有流通股数量由上期的4.14万股上升至4.28万股，户均流通市值20.7万元。 百利电气户均持有流通市值低于行业平均水平。根据Choice数据，截至2022年3月31日，电力设备行业A股上市公司平均户均持有流通股市值为45.87万元。其中，26.16%的公司户均持有流通股市值在11.5万~22万区间内，百利电气也处在该区间范围内。
101,百利电气2021年度拟10派0.29元,2022-04-19 19:14:26,600468.sh,百利电气4月20日公布2021年年度分红预案：向全体股东每10股派发现金红利0.29元(含税)，合计派发现金红利总额为3154.43万元。 百利电气2021年年报显示，截止2021年12月31日，公司的营业总收入23.4亿元，同比增长6.38%；归属母公司股东净利润1.05亿元，同比下降4.78%；基本每股收益为0.0963元。 近年来，公司历次分红派息情况如下表所示： 近年来，百利电气的年度股息率走势如下图： 公司自上市以来募资2次共计12.98亿元，派现15次共计1.63亿元，累计派现募资比为12.56%。分红派现及募集资金的对比情况如下图：
111,（3-14）百利电气连续三日收于年线之上，前次最大涨幅5.36%,2022-03-14 15:24:05,600468.sh,2022年3月14日，百利电气A股开盘4.71元，全日小跌0.42%，股价收报4.75元。自2022年3月10日以来，百利电气收盘价连续三日收于年线（250日均线）之上。  东方财富Choice数据显示，百利电气股价前一次连续三日收于年线之上为今年的3月1日，当日收盘价为4.66元（前复权）。此后百利电气股价短期有一定的上扬，持续4日站在支撑价格4.66元之上，期间最大涨幅为5.36%。  回溯近一年股价，百利电气共计实现4次连续三日收于年线之上。历史数据显示，次日股价涨多跌少，共计实现上涨3次，最大涨幅为8.21%；遭遇下跌1次，跌幅为0.64%。  统计2020年9月10日至2021年9月9日的全市场数据，东方财富Choice数据显示，共有3135只个股连续三日收与年线之上9120次，其中3945次第二日股价上涨，4906次股价下跌，269次股价无变动，全市场次日平均收益率为-0.06%。若将期限拉长，一个月（20日）、三个月（60日）、六个月（120日）平均收益率分别为0.84%、3.01%、10.27%。
113,百利电气3月9日盘中跌幅达5%,2022-03-09 13:49:41,600468.sh,以下是百利电气在北京时间3月9日13:44分盘口异动快照：3月9日，百利电气盘中跌幅达5%，截至13点44分，报4.38元，成交2535.56万元，换手率0.50%。注：以上信息仅供参考，不对您构成任何投资建议。
114,成交均价4.77元！百利电气：第二期员工持股计划累计买入公司股票353万股,2022-03-07 15:44:52,600468.sh,百利电气(SH600468，收盘价：4.68元)3月7日晚间发布公告称，截至2022年3月4日，公司第二期员工持股计划已通过二级市场累计购买本公司股票约353万股，占公司总股本的0.31%，成交均价约为4.77元/股，成交金额合计为约1682万元。
115,（3-1）百利电气连续三日收于年线之上,2022-03-01 15:24:54,600468.sh,2022年3月1日，百利电气A股开盘4.57元，全日上涨2.19%，股价收报4.66元。自2022年2月25日以来，百利电气收盘价连续三日收于年线（250日均线）之上。  东方财富Choice数据显示，百利电气股价前一次连续三日收于年线之上为今年的2月9日，当日收盘价为4.68元（前复权），次日股价出现了下跌。  回溯近一年股价，百利电气共计实现3次连续三日收于年线之上。历史数据显示，次日股价涨多跌少，共计实现上涨2次，最大涨幅为8.21%；遭遇下跌1次，跌幅为0.64%。  统计2020年8月28日至2021年8月27日的全市场数据，东方财富Choice数据显示，共有3049只个股连续三日收与年线之上8849次，其中3796次第二日股价上涨，4799次股价下跌，254次股价无变动，全市场次日平均收益率为-0.08%。若将期限拉长，一个月（20日）、三个月（60日）、六个月（120日）平均收益率分别为0.86%、2.73%、9.92%。
116,大宗交易：机构账户买入百利电气566.6万元（02-18）,2022-02-18 18:00:14,600468.sh,2022年2月18日，百利电气发生1笔大宗交易，总成交125.91万股，成交金额566.6万元，成交价4.50元，折价1.53%。
117,百利电气：第二期员工持股计划现正在证券公司办理账户开户业务 尚未买入公司股票,2022-02-10 15:41:15,600468.sh,百利电气(SH600468，收盘价：4.65元)2月10日晚间发布公告称，截至本公告披露日，公司第二期员工持股计划已在中国证券登记结算有限责任公司开立完成“员工持股计划专用证券账户”，现正在证券公司办理账户开户业务，尚未买入公司股票。2021年1至6月份，百利电气的营业收入构成为：制造业占比88.5%，商业占比6.82%，分部间抵消占比-0.46%。
118,（2-9）百利电气连续三日收于年线之上，前次最大涨幅12.96%,2022-02-09 15:25:10,600468.sh,2022年2月9日，百利电气A股开盘4.70元，全日小跌0.43%，股价收报4.68元。自2022年2月7日以来，百利电气收盘价连续三日收于年线（250日均线）之上。  东方财富Choice数据显示，百利电气股价前一次连续三日收于年线之上为2021年9月6日，当日收盘价为4.63元（前复权）。次日百利电气股价有所上涨，并持续12日站于支撑价位4.63元之上，2021年9月14日达到期间最高价，实现最大涨幅12.96%。  回溯近一年股价，百利电气共计实现2次连续三日收于年线之上。值得注意的是，次日股价均实现了不同程度的上涨，其中次日最大涨幅为8.21%。  统计2020年8月10日至2021年8月9日的全市场数据，东方财富Choice数据显示，共有3007只个股连续三日收与年线之上8665次，其中3691次第二日股价上涨，4725次股价下跌，249次股价无变动，全市场次日平均收益率为-0.10%。若将期限拉长，一个月（20日）、三个月（60日）、六个月（120日）平均收益率分别为0.65%、2.56%、9.07%。
119,百利电气：成都瑞联电气股份有限公司的RST系列和RIT系列接线端子产品可以应用于新能源相关产品,2022-02-07 15:15:00,600468.sh,每经AI快讯，有投资者在投资者互动平台提问：您好！请问贵公司子公司成都瑞联电气股份有限公司是否有新能源，储能相关产品？具体有哪些？另外我还在关心我前一次提问的有否与华为合作问题？百利电气(600468.SH)2月7日在投资者互动平台表示，控股子公司成都瑞联电气股份有限公司的RST系列和RIT系列接线端子产品可以应用于新能源相关产品，包括但不限于风电、光伏及储能等领域。
120,百利电气：控股子公司成都瑞联电气股份有限公司接线端子产品可作为通讯领域产品的元件,2022-02-07 15:11:12,600468.sh,每经AI快讯，有投资者在投资者互动平台提问：请问公司子公司成都瑞联电气股份有限公司是否与华为有产品合作？或者是否是华为供应商？谢谢！百利电气(600468.SH)2月7日在投资者互动平台表示，控股子公司成都瑞联电气股份有限公司接线端子产品可作为通讯领域产品的元件。具体客户因涉及保密协议约定无法回答。
121,百利电气：第一期员工持股计划锁定期到期,2022-01-28 15:55:52,600468.sh,百利电气(SH600468，收盘价：4.46元)1月28日晚间发布公告称，鉴于公司第一期员工持股计划所持公司股票锁定期将于2022年2月2日届满。第一期员工持股计划锁定期届满后，可以在存续期内根据员工持股计划的安排和市场情况等因素决定是否卖出股票。2021年1至6月份，百利电气的主要收入构成为：制造业占比88.5%，商业占比6.82%，分部间抵消占比-0.46%。
124,百利电气：子公司瑞联电气生产的RDK系列电联接产品、辅助开关、转换开关可应用于特高压项目,2022-01-24 13:22:45,600468.sh,每经AI快讯，有投资者在投资者互动平台提问：请问贵公司在特高压的业务上具体有哪些？谢谢！百利电气(600468.SH)1月24日在投资者互动平台表示，公司控股子公司成都瑞联电气股份有限公司生产的RDK系列电联接产品、辅助开关、转换开关可应用于特高压项目。
125,百利电气：公司svg产品中igbt元件主要供应商为富士电机、英飞凌等公司,2022-01-24 12:14:26,600468.sh,每经AI快讯，有投资者在投资者互动平台提问：您好我想问一下辽宁荣信svg产品中igbt元件主要是有哪个公司提供？百利电气(600468.SH)1月24日在投资者互动平台表示，公司svg产品中igbt元件主要供应商为富士电机、英飞凌、ABB、丹尼克斯、中车时代、宏微科技、斯达半导体等公司。
126,年度盘点：百利电气2021年涨17.19%，跑赢大盘,2021-12-31 16:52:22,600468.sh,截至2021年12月31日收盘，百利电气报收于5.13元，较2020年末的4.38元（前复权价）上涨17.19%。2月4日，百利电气盘中最低价报3.65元，股价触及全年最低点，11月18日股价最高见6.14元，最高点相较于年初最大涨幅达到40.27%。2021年度共计6次涨停收盘，无收盘跌停情况。百利电气当前最新总市值57.55亿元，在电网设备板块市值排名55/122，在两市A股市值排名2518/4604。  沪深股通持股方面，截至2021年12月30日收盘，百利电气沪深股通持股市值338.36万元，较期初增加41.13万元；沪深股通持股量占A股比值为0.05%，低于期初的0.06%。  龙虎榜方面，截至2021年12月31日收盘，2021年百利电气共计4次登上龙虎榜。年度上榜数据按成交额倒序如下表：
142,百利电气盘中最高6.14元，股价连续两日创近一年新高,2021-11-18 15:29:14,600468.sh,11月18日，百利电气盘中最高价6.14元，股价连续两日创近一年新高。截至收盘，百利电气最新价为5.8元，下跌1.19%，全日成交金额达到1.99亿元，换手率2.99%。根据最新收盘价进行计算，百利电气总市值为65.07亿元。
145,百利电气：控股子公司苏州贯龙电磁线有限公司入选工信部第二批专精特新“小巨人”企业名单,2021-11-17 15:44:28,600468.sh,每经AI快讯，有投资者在投资者互动平台提问：贵公司是专精特新企业吗百利电气(600468.SH)11月17日在投资者互动平台表示，公司控股子公司苏州贯龙电磁线有限公司入选工信部第二批专精特新“小巨人”企业名单，控股子公司成都瑞联电气股份有限公司入选工信部第三批专精特新“小巨人”企业公示名单。
146,百利电气盘中最高5.99元，股价创近一年新高,2021-11-17 15:29:47,600468.sh,11月17日，百利电气盘中最高价5.99元，股价创近一年新高。截至收盘，百利电气最新价为5.87元，上涨3.89%，全日成交金额达到1.67亿元，换手率2.58%。根据最新收盘价进行计算，百利电气总市值为65.86亿元。 Choice数据显示，百利电气近一年的前次股价高点出现在2021年11月15日，当日最高价为5.91元(前复权)，短期内未能突破前次高点，股价最低于2021年11月16日下探5.58元(前复权)。11月16日至11月17日，百利电气累计涨跌幅为3.89%。 横向与市场指数和所属行业进行比较，2021年11月16日至2021年11月17日区间内，上证指数同期上涨0.44%，申万二级行业高低压设备同期上涨4.05%。个股表现跑赢上证指数，弱于所属申万行业指数。  从全市场来看，11月17日沪深两市共有*ST凯瑞、瀚川智能、道森股份等65只股票价格创近一年新高。其中*ST凯瑞股价已连续六日创下近一年盘中最高价。
149,百利电气盘中最高5.91元，股价创近一年新高,2021-11-15 15:54:35,600468.sh,11月15日，百利电气盘中最高价5.91元，股价创近一年新高。截至收盘，百利电气最新价为5.8元，上涨2.47%，全日成交金额达到1.56亿元，换手率2.44%。根据最新收盘价进行计算，百利电气总市值为65.07亿元。 Choice数据显示，百利电气近一年的前次股价高点出现在2021年11月5日，当日最高价为5.77元(前复权)，后市未能突破前次高点，股价最低于2021年11月8日下探5.28元(前复权)。以最低点为区间起点计算，2021年11月8日至2021年11月15日，百利电气区间上涨5.65%。 横向与市场指数和所属行业进行比较，2021年11月8日至2021年11月15日区间内，上证指数同期上涨0.99%，申万二级行业高低压设备同期上涨2.46%。个股表现跑赢上证指数，强于所属申万行业指数。  从全市场来看，11月15日沪深两市共有赢合科技、圣龙股份、汇得科技等108只股票价格创近一年新高。其中赢合科技股价已连续八日创下近一年盘中最高价。
175,财报快评：百利电气2021年上半年实现归母净利润5614.5万，同比上升38.3%,2021-08-18 17:50:33,600468.sh," 【成长能力】 2021年上半年，公司营业总收入为11.2亿，同比上升18.7%，低于行业平均总营收增速（31.2%）。公司归母净利润为5614.5万，同比上升38.3%，低于行业平均归母净利润增速（484.5%）。二季度，公司单季度归母净利润为2927.6万，同比上升31.8%。 【盈利能力】 2021年上半年，公司毛利率为23.2%，同比下降1.1%，与行业平均数值相差不大（22.7%）。公司净利率为5.8%，同比上升12.6%，低于行业平均（9.9%）。公司期间费用率为16.5%，同比下降1.3%，环比下降1.1%，高于行业平均（13.6%）；其中，管理费用率/销售费用率/财务费用率/研发费用率分别为6.5%/4.9%/0.8%/4.4%。 【偿债能力】 2021年上半年,公司资产负债率为41%，同比下降9.3%，环比下降5.8%，与行业平均数值相差不大（44.5%）。公司流动比率为1.6，同比上升9.3%，环比上升4%，低于行业平均（2.3）。 【营运能力】 2021年上半年,公司应收账款及票据规模为8.9亿，同比下降1.6%，环比下降9%。公司应收账款周转率（含应收票据）为1.3，与行业平均数值相差不大（1.4）。公司存货规模为5.8亿，同比下降9.8%，环比上升3.1%。公司存货周转率为1.5，低于行业平均（2.4）。 【现金流】 2021年上半年,公司经营/投资/筹资活动产生的现金流分别为2372.1万/-1.2亿/-1306.5万，同比变化188.2%/-282.8%/-115.2%。其中，销售商品、提供劳务收到的现金为10.3亿，同比增加30%。销售收现比为92.2%，与行业平均数值相差不大（87.5%）。净现比为29.8%，高于行业平均（-1043.9%）。 【现金流关注点】 [关注]资本支出大幅增加，关注投资收效情况:资本支出同比幅增加。 【其他关注点】 [关注]其他应付款占比过高:其他应付款占比过高，但并未显著超过应付账款占比。 【杜邦分析】 2021年上半年,公司ROE为3.1%，同比上升28.7%，环比上升107.5%；净利率为5.8%，同比上升12.6%，环比下降7.6%；总资产周转率率为0.3，同比上升14.5%，环比上升123.2%；权益乘数为1.7，同比下降7.2%，环比下降4.3%。净利率和权益乘数共同作用带动ROE变化。  截止2021-08-18,公司PE(TTM)为45倍，位于近五年8.5%分位数，高于行业PE(TTM)（34.4）。近五年,公司PE(TTM)在2016-09-08达到最高值，为448.5倍。在2021-07-28触底，为35.2倍。 截止2021-08-18,公司PB(MRQ)为2.9倍，位于近五年53.5%分位数，与行业PB数值相近（2.8）。近五年,公司PB在2016-09-08达到最高值，为4.6倍。在2018-10-16触底，为1.8倍。 "
176,百利电气：盈利增速亮眼，内生增长稳健,2021-08-18 16:57:39,600468.sh,2021年8月19日，公司发布半年报。2021H1实现营收11.2亿元，同比上升18.7%；归母净利润同比大幅上升38.3%至5614.5万元；扣非净利润为5388.5万元，同比上升60%。 盈利增速亮眼，内生增长稳健。公司Q2实现营收6.1亿元，同比上升13.8%，环比上升18.4%；单季度归母净利润为2927.6万元，同比上升31.8%，环比上升9%。报告期内，公司归母净利润大幅上升38.3%至5614.5万元，业绩实现高速增长。此外，剔除非经常性损益等因素的影响，报告期内公司核心利润贡献度为84.7%(上年同期：87.3%)，内生增长较为稳健。 净利率显著提升。报告期内，公司毛利率为23.2%，同比变化不大；净利率为5.8%，同比上升0.65pct；费用方面，21Q2公司销售费用率/管理费用率/财务费用率/研发费用率分别为5.1%/6%/1.1%/4.3%，YOY分别为+0.36pct/-1.24pct/+0.33pct/+0.49pct，环比变动分别为+0.47pct/-1.04pct/+0.61pct/-0.39pct。21H1公司销售费用率/管理费用率/财务费用率/研发费用率分别为4.9%/6.5%/0.8%/4.4%，YOY分别为-0.05pct/-1pct/+0.3pct/+0.53pct；综合来看，公司期间费用率为16.5%（去年同期16.8%），费用投放基本持平。 经营现金流向好。半年度公司经营性现金流净额2372.1万元，同比增长188.2%；21Q2经营性现金流净额7960.8万元，同比增长1013.9%。销售商品、劳务收到的现金10.3亿元/YOY+30%，收现率为92.2%。货币资金方面，期末公司货币资金余额为4.1亿元，同比增加6.1%；应收账款方面，期末公司应收账款余额为8.8亿元，同比下降1.7%，应收账款占流动资产的比重为40.7%；资本结构方面，报告期末公司资产负债率为41%，同比下降4.2pct。
177,读财报系列—— 一文看懂百利电气21年半年度利润表,2021-08-18 16:57:36,600468.sh,财报看似复杂，其实内含一定的基本逻辑，就利润表而言，从收入的产生到净利润的生成，其间包含了费用的调控、营业外收入的作用。往往投资者只关心营收和净利润的变化，而忽视了中间的生产过程。 从利润的产生过程，我们需要重点关注以下几个方面： 1、赚钱没有?（有无利润的产生） 2、从哪里赚钱?（利润的来源、利润变化的原因，利润是来自于经营性利润还是非经常性损益） 3、能否一直赚钱？（利润的可持续性）  2021H1百利电气实现营收11.2亿元，同比上升18.7%；归母净利润为5614.5万元，同比上升38.3%；扣非净利润为5388.5万元，同比上升60%。 营业总收入&归母净利润：营收、净利润均大幅提升，归母增速远超营收 扣非净利润：扣非净利润大幅增加 整体来看，报告期内公司业绩为正，且同比大幅增加，那么需要我们考虑两个问题，一是利润的来源是什么，二是这种利润的增长是否具有可持续性。  报告期内，公司归母净利高速增长。从收入的构成来看，1年以内应收账款占营收比重达67.3%，报告期末公司应收账款占流动资产的比重为40.7%，也就是说，报告期内收入主要是通过赊销方式实现的。结合公司净现比来看，公司净现比为36.7%，净利润含金量较低。  公司19年半年度/20年半年度/21年半年度归母净利润分别为3258.2万元/4060.6万元/5614.5万元，潜在风险较小。 <span></span> 1）股权集中，国有控股
178,读财报系列2——一文看懂百利电气21年半年度资产负债表,2021-08-18 16:57:27,600468.sh,如果把财务报表比作公司的体检报告，那么资产负债表就是它的器官，每一个公式都可以反映资产运转优良情况，投资者可以根据它来判断企业是否健康。企业有多少资源（总资产），就有多少来源（负债、所有者权益），是相等的，即： 资产=负债+所有者权益 想要通过资产负债表了解企业的家底及其构成，我们需要重点关注以下几个方面： 一看结构。企业拥有多少资源？（资金、应收款、存货、对外投资、固定资产、无形资产等）这些资源的来源是什么？（这家公司主要是依托负债还是靠自身造血经营）。 二看变化。结合历史期间，资产负债结构的变化暗示企业经营发生转变。 三看具体的科目。例如预收和应付，预收和应付的变化可以揭示企业产业链话语权的强弱。  货币资金方面，期末公司货币资金余额为4.1亿元，同比增加6.1%；应收账款方面，期末公司应收账款余额为8.8亿元，同比下降1.7%，应收账款占流动资产的比重为40.7%；资本结构方面，报告期末公司资产负债率为41%，同比下降4.2pct。 【资产端】资产结构来看，应收票据及应收账款、存货、固定资产占总资产比重为56%。报告期末，公司流动资产占总资产比重为63.2%，流动资产中，以应收票据及应收账款、存货占比较大。 【负债端】从负债结构来看，其他应付款合计、应付票据及应付账款、短期借款占总负债比重为82%，公司负债以流动负债为主，其中，仅就其他应付款合计占总负债的比重就达45.4%。  【应收账款】从收入的构成来看，1年以内应收账款占营收比重达67.3%，报告期末公司应收账款占流动资产的比重为40.7%，也就是说，报告期内收入主要是通过赊销方式实现的。结合公司净现比来看，公司净现比为36.7%，净利润含金量较低。 【存货】报告期末，公司存货占流动资产比重为26.5%，存货周转率为147.9%，同比上升30.46个百分点，存货周转速度加快。 
179,百利电气股东户数下降3.85%，户均持股18.32万元,2021-08-18 16:53:47,600468.sh,百利电气最新股东户数2.49万户，低于行业平均水平。公司户均持有流通股份4.51万股；户均流通市值18.32万元。
180,百利电气：2021上半年净利润同比增长38.27%,2021-08-18 16:48:06,600468.sh,百利电气（600468）发布中报，2021上半年实现营业总收入11.17亿元，同比增长18.67%；归属母公司股东净利润5614.54万元，同比增长38.27%；基本每股收益为0.0516元。
181,百利电气预计明日收盘后（周三晚）披露半年报,2021-08-16 16:32:38,600468.sh,百利电气（600468）预计明日收盘后（周三晚）披露半年报（报表公告日：2021年8月19日）。
182,（8-13）百利电气连续三日收于年线之上，为近一年首次,2021-08-13 15:37:36,600468.sh,2021年8月13日，百利电气A股开盘4.61元，全日下跌3.40%，股价收报4.55元。自2021年8月11日以来，百利电气收盘价连续三日收于年线（250日均线）之上。  东方财富Choice数据显示，近一年来百利电气股价较为弱势，一年间未曾连续三日高于年线。   统计2020年2月23日至2021年2月22日的全市场数据，东方财富Choice数据显示，共有3136只个股连续三日收与年线之上9926次，其中4657次第二日股价上涨，5009次股价下跌，260次股价无变动，全市场次日平均收益率为0.10%。若将期限拉长，一个月（20日）、三个月（60日）、六个月（120日）平均收益率分别为0.77%、3.82%、6.66%。
183,114股每笔成交量增超50%,2021-08-05 18:52:04,600468.sh,证券时报·数据宝统计，截至8月5日收盘，沪指报收3466.55点，涨跌幅-0.31%；深成指报收14872.23点，涨跌幅-0.79%；创业板指报收3532.50点，涨跌幅-0.86%。从平均每笔成交数据来看，有2129只个股平均每笔成交量环比增加；1965只每笔成交量环比下降。其中百利电气、*ST天成、荣安地产等个股环比增幅较大。
184,年中盘点：百利电气半年跌7.25%，跑输大盘,2021-06-30 17:32:49,600468.sh,统计数据显示，截至2021年6月30日收盘，百利电气报收于4.06元，较2020年末的4.38元（前复权价）下跌7.25%。1月21日，百利电气股价最高见5.09元，最高点相较年初最大涨幅达到16.33%，2月4日盘中最低价报3.65元，股价触及上半年最低点。上半年共计2次涨停收盘，无收盘跌停情况。百利电气当前最新总市值45.55亿元，在输配电气板块市值排名65/136，在两市A股市值排名2599/4445。  沪深股通持股方面，截止2021年6月29日收盘，百利电气沪深股通持股市值269.76万元，较期初减少27.47万元；沪深股通持股量占A股比值为0.05%，低于期初的0.06%。   龙虎榜方面，截止6月30日收盘，2021上半年百利电气共计3次登上龙虎榜，累计上榜原因3条。上半年成交额最高的3次上榜数据如下表：   
185,百利电气2020年度10派0.31元,2021-06-23 19:03:28,600468.sh,百利电气6月24日公布2020年年度分红实施方案：以本公司总股本10.88亿股为基数，向全体股东每10股派发现金红利0.31元(含税，税后0.279元)，合计派发现金红利总额为3371.98万元。
186,百利电气：董事尚志文因工作调动辞职,2021-06-16 22:03:56,600468.sh,【百利电气：董事尚志文因工作调动辞职】6月16日，天津百利特精电气股份有限公司发布公告称，董事会于近日收到董事尚志文先生提交的书面辞职报告。尚志文因工作调动原因申请辞去公司第七届董事会董事职务，并将不再担任公司任何职务。根据有关规定，董事辞职申请自送达董事会之日起生效，尚志文辞职未导致公司董事会成员低于法定最低人数，不会影响董事会的正常运作。（界面新闻）
187,读财报系列—— 一文看懂百利电气21年一季度利润表,2021-04-20 09:42:24,600468.sh,财报看似复杂，其实内含一定的基本逻辑，就利润表而言，从收入的产生到净利润的生成，其间包含了费用的调控、营业外收入的作用。往往投资者只关心营收和净利润的变化，而忽视了中间的生产过程。 从利润的产生过程，我们需要重点关注以下几个方面： 1、赚钱没有?（有无利润的产生） 2、从哪里赚钱?（利润的来源、利润变化的原因，利润是来自于经营性利润还是非经常性损益） 3、能否一直赚钱？（利润的可持续性）  2021年一季度百利电气实现营收5.1亿元，同比上升25.1%；归母净利润为2686.9万元，同比上升46.1%；扣非净利润为2607.5万元，同比上升92.1%。 营业总收入&归母净利润：营收、净利润均大幅提升 扣非净利润：扣非净利润大幅增加 整体来看，报告期内公司业绩为正，且同比大幅增加，那么需要我们考虑两个问题，一是利润的来源是什么，二是这种利润的增长是否具有可持续性。  报告期内，公司归母净利高速增长。从利润构成来看，21年一季度核心利润/利润总额为77.4%，公司核心利润贡献度较高，业绩增长主要靠内生驱动。21年一季度公司毛利率为23.2%，同比上升1个百分点，销售费用率/管理费用率/财务费用率/研发费用率分别为4.6%/7%/0.5%/4.6%，同比变化分别为-0.56个百分点/-0.75个百分点/0.3个百分点/0.56个百分点；综合来看，期间费用率为16.7%（去年同期17.2%），费用投放基本持平。  净利润含金量：尽管本期净利润增长，但我们注意到，公司近几年经营现金流持续为负，19年一季度/20年一季度/21年一季度经营现金流分别为-3798.8万元/-3405.5万元/-5588.7万元，也就是说，公司的利润没有转化为实实在在的现金流，需要关注净利润的含金量。 <span></span>
188,读财报系列—— 一文看懂百利电气20年度利润表,2021-04-20 09:31:36,600468.sh,财报看似复杂，其实内含一定的基本逻辑，就利润表而言，从收入的产生到净利润的生成，其间包含了费用的调控、营业外收入的作用。往往投资者只关心营收和净利润的变化，而忽视了中间的生产过程。 从利润的产生过程，我们需要重点关注以下几个方面： 1、赚钱没有?（有无利润的产生） 2、从哪里赚钱?（利润的来源、利润变化的原因，利润是来自于经营性利润还是非经常性损益） 3、能否一直赚钱？（利润的可持续性）  2020年度百利电气实现营收22亿元，同比上升40.2%；归母净利润为1.1亿元，同比上升95.3%；扣非净利润为9820.8万元，同比上升140.5%。 营业总收入&归母净利润：营收、净利润均大幅提升 扣非净利润：扣非净利润大幅增加 整体来看，报告期内公司业绩为正，且同比大幅增加，那么需要我们考虑两个问题，一是利润的来源是什么，二是这种利润的增长是否具有可持续性。  报告期内，公司营收、归母净利均呈现高速增长。从利润构成来看，20年度核心利润/利润总额为95.4%，公司核心利润贡献度较高，业绩增长主要靠内生驱动。20年度公司毛利率为26.1%，同比上升6.4个百分点，销售费用率/管理费用率/财务费用率/研发费用率分别为5.9%/7.9%/0.7%/4%，同比变化分别为2.13个百分点/0.21个百分点/0.08个百分点/-0.43个百分点；综合来看，期间费用率为18.4%（去年同期16.4%）。  公司18年度/19年度/20年度归母净利润分别为4712.5万元/5631.1万元/1.1亿元，潜在风险较小。 <span></span>
189,【图解季报】百利电气：2021年一季度归母净利润同比增长46.1%，约为2687万元,2021-04-20 00:40:30,600468.sh,21年一季度公司实现营业总收入5.1亿，同比增长25.1%；归母净利润2686.9万，同比增长46.1%。
190,【图解年报】百利电气：2020年归母净利润同比大增95.3%，约为1.1亿元,2021-04-20 00:40:12,600468.sh,百利电气于2021年4月20日披露年报，公司2020年实现营业总收入22亿，同比增长40.2%；实现归母净利润1.1亿，同比增长95.3%；每股收益为0.1元。报告期内，公司毛利率为26.1%，同比提高6.4个百分点，净利率为5.8%，同比提高1.7个百分点。
191,百利电气2020年度拟10派0.31元,2021-04-19 17:59:23,600468.sh,百利电气4月20日公布2020年年度分红预案：向全体股东每10股派发现金红利0.31元(含税)，合计派发现金红利总额为0.0元。
203,百利电气：主力资金净流出620.79万元，净占比-15.39%（01-29）,2021-01-29 15:56:29,600468.sh,百利电气2021年1月29日收报3.95元，涨跌幅-1.99%，换手率0.91%。当日该股主力资金流入337.33万元，流出958.12万元，主力净流出620.79万元。其中，超大单流入0元，流出170.54万元，净流出170.54万元。当日散户资金流入3616.65万元，流出2995.86万元，散户净流入620.79万元。资金流向分布情况如下图： 百利电气近五日主力资金、超大单资金流向情况如下表： 百利电气今日主力资金流向两市排名2804/4171，近五日内该股主力资金总体呈流出状态，五日共净流出1674.45万元。
204,百利电气：第一期员工持股计划已完成证券账户的开立工作,2021-01-28 16:24:26,600468.sh,百利电气(SH600468，收盘价：4.03元)1月28日晚间发布公告称，截至本公告日，公司第一期员工持股计划已完成证券账户的开立工作，目前正在办理认购缴款事项，尚未开始购买公司股票。2019年年报显示，百利电气的主营业务为制造业、贸易业，占营收比例分别为：82.33%、15.63%。百利电气的董事...
205,百利电气：主力资金连续3天净流入累计333.12万元（01-28）,2021-01-28 15:51:17,600468.sh,百利电气2021年1月28日收报4.03元，涨跌幅0.50%，换手率1.06%。当日该股主力资金流入854.24万元，流出771.21万元，主力净流入83.04万元。其中，超大单流入0元，流出21.34万元，净流出21.34万元。当日散户资金流入3930.07万元，流出4013.1万元，散户净流出83.04万元。资金流向分布情况如下图： 百利电气近五日主力资金、超大单资金流向情况如下表： 百利电气今日主力资金流向两市排名820/4170，近五日内该股主力资金总体呈流出状态，五日共净流出1419.74万元。
206,百利电气：主力资金净流入90.74万元，净占比2.57%（01-27）,2021-01-27 15:48:09,600468.sh,百利电气2021年1月27日收报4.01元，涨跌幅-0.50%，换手率0.79%。当日该股主力资金流入448.95万元，流出358.21万元，主力净流入90.74万元。当日散户资金流入2961.56万元，流出3052.29万元，散户净流出90.74万元。资金流向分布情况如下图： 百利电气近五日主力资金、超大单资金流向情况如下表： 百利电气今日主力资金流向两市排名1037/4167，近五日内该股主力资金总体呈流出状态，五日共净流出4071.56万元。
207,百利电气：主力资金净流入159.34万元，净占比2.58%（01-26）,2021-01-26 15:48:45,600468.sh,百利电气2021年1月26日收报4.03元，涨跌幅1.51%，换手率1.37%。当日该股主力资金流入645.2万元，流出485.85万元，主力净流入159.34万元。其中，超大单流入8180元，流出0元，净流入8180元。当日散户资金流入5352.25万元，流出5511.59万元，散户净流出159.34万元。资金流向分布情况如下图： 百利电气近五日主力资金、超大单资金流向情况如下表： 百利电气今日主力资金流向两市排名664/4164，近五日内该股主力资金总体呈流出状态，五日共净流出2644.77万元。
208,百利电气：主力资金连续3天净流出累计4321.64万元（01-25）,2021-01-25 16:14:17,600468.sh,百利电气2021年1月25日收报3.97元，涨跌幅-6.59%，换手率2.06%。当日该股主力资金流入1113.39万元，流出2500.16万元，主力净流出1386.77万元。其中，超大单流入24.44万元，流出811.35万元，净流出786.91万元。当日散户资金流入8011.18万元，流出6624.41万元，散户净流入1386.77万元。资金流向分布情况如下图： 百利电气近五日主力资金、超大单资金流向情况如下表： 百利电气今日主力资金流向两市排名3328/4163，近五日内该股主力资金总体呈流出状态，五日共净流出696.89万元。
209,资金流向周汇总：百利电气本周主力资金净流入757.66万元,2021-01-24 16:33:33,600468.sh,百利电气本周(2021/01/18-2021/01/22)累计涨幅达11.55%，截至1月22日最新股价报收4.25元。本周主力资金流入1.39亿元，流出1.32亿元，主力净流入757.66万元。其中，超大单流入4128.5万元，流出2423.29万元，净流入1705.21万元。本周散户资金流入4.35亿元，流出4.43亿元，散户净流出757.66万元。本周详细资金流向数据如下表： 百利电气周度主力资金净流入值在所属东财二级行业板块（输配电气）中排名14/125，两市排名561/4162。
210,百利电气今日热门盘点,2021-01-22 21:10:19,600468.sh,百利电气今日股吧人气排名两市第722/4293。       
211,百利电气：主力资金净流出366.08万元，净占比-2.26%（01-22）,2021-01-22 15:48:37,600468.sh,百利电气2021年1月22日收报4.25元，涨跌幅-7.41%，换手率3.41%。当日该股主力资金流入2412.07万元，流出2778.15万元，主力净流出366.08万元。其中，超大单流入367.65万元，流出797.83万元，净流出430.18万元。当日散户资金流入1.29亿元，流出1.25亿元，散户净流入366.08万元。资金流向分布情况如下图： 百利电气近五日主力资金、超大单资金流向情况如下表： 百利电气今日主力资金流向两市排名2295/4162，近五日内该股主力资金总体呈流入状态，五日共净流入757.66万元。
212,芯片产业链板块走弱 170只个股下跌 百利电气下跌7.84%,2021-01-22 11:17:15,600468.sh,芯片产业链板块走弱，板块内170只下跌，3只平盘，30只上涨，百利电气、协鑫集成、新洁能分别跌7.84%、7.37%、6.98%。（文章来源：每日经济新闻）
213,百利电气盘前回顾(01-21),2021-01-22 08:18:35,600468.sh,1月21日（周四）百利电气（600468）报收4.59元，下跌1.50%，换手率5.56%，成交量62.39万手，成交额2.98亿元。 隔夜美股三大股指涨跌不一，纳指收涨0.55%，道指收跌0.04%，标普500指数收涨0.03%。  百利电气2021年1月21日主力资金净流出2568.79万，净占比-8.62%。      上交所2021年1月21日交易公开信息显示，百利电气因属于当日价格振幅达到15%的证券而登上龙虎榜。 
214,百利电气今日热门盘点,2021-01-21 21:10:01,600468.sh,百利电气今日股吧人气排名两市第394/4290。               
216,百利电气：主力资金净流出2568.79万元，净占比-8.62%（01-21）,2021-01-21 15:49:18,600468.sh,百利电气2021年1月21日收报4.59元，涨跌幅-1.50%，换手率5.56%。当日该股主力资金流入4554.87万元，流出7123.66万元，主力净流出2568.79万元。其中，超大单流入367.86万元，流出935.95万元，净流出568.09万元。当日散户资金流入2.3亿元，流出2.04亿元，散户净流入2568.79万元。资金流向分布情况如下图： 百利电气近五日主力资金、超大单资金流向情况如下表： 百利电气今日主力资金流向两市排名3884/4159，近五日内该股主力资金总体呈流入状态，五日共净流入234.23万元。
217,百利电气盘前回顾(01-20),2021-01-21 08:20:27,600468.sh,1月20日（周三）百利电气（600468）报收4.66元，连续2日触及涨停，换手率1.22%，成交量13.68万手，成交额6345.69万元。 隔夜美股三大指数集体收涨，纳指收涨1.97%，道指收涨0.83%，标普500指数收涨1.39%。  百利电气2021年1月20日主力资金连续3天净流入累计3692.53万元。      上交所2021年1月20日交易公开信息显示，百利电气因属于连续三个交易日内收盘价格涨幅偏离值累计20%而登上龙虎榜。 
218,百利电气今日热门盘点,2021-01-20 21:12:57,600468.sh,百利电气今日股吧人气排名两市第113/4287。          
219,交易异动！百利电气：近3个交易日上涨22.31% 无未披露的重大信息,2021-01-20 18:57:50,600468.sh,百利电气(SH600468，收盘价：4.66元)1月20日晚间发布公告称，天津百利特精电气股份有限公司于2021年1月18日、1月19日、1月20日连续3个交易日内日收盘价格涨幅偏离值累计超过20%。公司不存在应披露而未披露的重大信息。2019年年报显示，百利电气的主营业务为制造业、贸易业，占营收比...
221,百利电气：主力资金连续3天净流入累计3692.53万元（01-20）,2021-01-20 15:51:30,600468.sh,百利电气2021年1月20日收报4.66元，涨跌幅9.91%，换手率1.22%。当日该股主力资金流入2988万元，流出1470.47万元，主力净流入1517.52万元。其中，超大单流入1540.28万元，流出519.9万元，净流入1020.38万元。当日散户资金流入2190.67万元，流出3708.2万元，散户净流出1517.52万元。资金流向分布情况如下图： 百利电气近五日主力资金、超大单资金流向情况如下表： 百利电气今日主力资金流向两市排名320/4156，近五日内该股主力资金总体呈流入状态，五日共净流入2746.76万元。
222,百利电气盘前回顾(01-19),2021-01-20 08:16:08,600468.sh,1月19日（周二）百利电气（600468）报收4.24元，当日触及涨停，换手率1.04%，成交量11.7万手，成交额4855.31万元。 隔夜美股三大指数集体收涨，纳指收涨1.53%，道指收涨0.38%，标普500指数收涨0.81%。  百利电气2021年1月19日主力资金净流入2107.23万，净占比43.41%。      上交所2021年1月19日交易公开信息显示，百利电气因属于当日涨幅偏离值达7%的证券而登上龙虎榜。 
228,百利电气：主力资金净流入67.78万元，净占比1.40%（01-18）,2021-01-18 15:53:23,600468.sh,百利电气2021年1月18日收报3.85元，涨跌幅1.05%，换手率1.11%。当日该股主力资金流入468.99万元，流出401.21万元，主力净流入67.78万元。当日散户资金流入4259.7万元，流出4327.48万元，散户净流出67.78万元。资金流向分布情况如下图： 百利电气近五日主力资金、超大单资金流向情况如下表： 百利电气今日主力资金流向两市排名1387/4151，近五日内该股主力资金总体呈流出状态，五日共净流出1109.82万元。
229,百利电气主力资金连续9周净流出合计1.13亿元,2021-01-17 16:06:19,600468.sh,百利电气本周(2021/01/11-2021/01/15)累计跌幅达7.07%，截至1月15日最新股价报收3.81元。本周主力资金流入1848.85万元，流出3834.69万元，主力净流出1985.84万元。其中，超大单流入14.21万元，流出700.02万元，净流出685.81万元。本周散户资金流入1.85亿元，流出1.65亿元，散户净流入1985.84万元。本周详细资金流向数据如下表： 百利电气本周主力资金延续流出态势，已连续9周净流出累计达1.13亿元。周度主力资金净流入值在所属东财二级行业板块（输配电气）中排名79/124，两市排名2845/4149。
230,百利电气：主力资金连续8天净流出累计3169.69万元（01-15）,2021-01-15 15:52:12,600468.sh,百利电气2021年1月15日收报3.81元，涨跌幅-0.78%，换手率0.92%。当日该股主力资金流入145.03万元，流出1034.55万元，主力净流出889.51万元。当日散户资金流入3755.27万元，流出2865.76万元，散户净流入889.51万元。资金流向分布情况如下图： 百利电气近五日主力资金、超大单资金流向情况如下表： 百利电气今日主力资金流向两市排名3453/4149，近五日内该股主力资金总体呈流出状态，五日共净流出1985.84万元。
231,百利电气：主力资金连续7天净流出累计2280.18万元（01-14）,2021-01-14 15:51:50,600468.sh,百利电气2021年1月14日收报3.84元，涨跌幅0.52%，换手率0.62%。当日该股主力资金流入296.14万元，流出352.39万元，主力净流出56.26万元。其中，超大单流入14.21万元，流出0元，净流入14.21万元。当日散户资金流入2322万元，流出2265.74万元，散户净流入56.26万元。资金流向分布情况如下图： 百利电气近五日主力资金、超大单资金流向情况如下表： 百利电气今日主力资金流向两市排名2133/4149，近五日内该股主力资金总体呈流出状态，五日共净流出1338.79万元。
232,百利电气：主力资金连续6天净流出累计2223.92万元（01-13）,2021-01-13 15:51:36,600468.sh,百利电气2021年1月13日收报3.82元，涨跌幅0.26%，换手率0.83%。当日该股主力资金流入280.6万元，流出428.52万元，主力净流出147.92万元。当日散户资金流入3212.1万元，流出3064.18万元，散户净流入147.92万元。资金流向分布情况如下图： 百利电气近五日主力资金、超大单资金流向情况如下表： 百利电气今日主力资金流向两市排名1728/4149，近五日内该股主力资金总体呈流出状态，五日共净流出2052.09万元。
233,百利电气：主力资金连续5天净流出累计2076万元（01-12）,2021-01-12 15:53:10,600468.sh,百利电气2021年1月12日收报3.81元，涨跌幅0.00%，换手率1.37%。当日该股主力资金流入692.94万元，流出776.85万元，主力净流出83.91万元。其中，超大单流入0元，流出113.97万元，净流出113.97万元。当日散户资金流入5163.5万元，流出5079.59万元，散户净流入83.91万元。资金流向分布情况如下图： 百利电气近五日主力资金、超大单资金流向情况如下表： 百利电气今日主力资金流向两市排名2252/4148，近五日内该股主力资金总体呈流出状态，五日共净流出2076万元。
234,百利电气：主力资金连续4天净流出累计1992.09万元（01-11）,2021-01-11 15:51:56,600468.sh,百利电气2021年1月11日收报3.81元，涨跌幅-7.07%，换手率1.03%。当日该股主力资金流入434.14万元，流出1242.38万元，主力净流出808.24万元。其中，超大单流入0元，流出586.05万元，净流出586.05万元。当日散户资金流入4044.15万元，流出3235.91万元，散户净流入808.24万元。资金流向分布情况如下图： 百利电气近五日主力资金、超大单资金流向情况如下表： 百利电气今日主力资金流向两市排名2925/4147，近五日内该股主力资金总体呈流出状态，五日共净流出1951.07万元。
235,百利电气主力资金连续8周净流出合计9334.9万元,2021-01-10 16:03:22,600468.sh,百利电气本周(2021/01/04-2021/01/08)累计跌幅达7.03%，截至1月8日最新股价报收4.1元。本周主力资金流入2886.94万元，流出4938.33万元，主力净流出2051.39万元。其中，超大单流入2.67万元，流出460.82万元，净流出458.15万元。本周散户资金流入1.57亿元，流出1.36亿元，散户净流入2051.39万元。本周详细资金流向数据如下表： 百利电气本周主力资金延续流出态势，已连续8周净流出累计达9334.9万元。周度主力资金净流入值在所属东财二级行业板块（输配电气）中排名70/124，两市排名2569/4146。
236,百利电气：主力资金连续3天净流出累计1183.85万元（01-08）,2021-01-08 15:52:24,600468.sh,百利电气2021年1月8日收报4.1元，涨跌幅0.74%，换手率0.64%。当日该股主力资金流入480.45万元，流出722.91万元，主力净流出242.46万元。其中，超大单流入0元，流出34.37万元，净流出34.37万元。当日散户资金流入2395.9万元，流出2153.44万元，散户净流入242.46万元。资金流向分布情况如下图： 百利电气近五日主力资金、超大单资金流向情况如下表： 百利电气今日主力资金流向两市排名2527/4146，近五日内该股主力资金总体呈流出状态，五日共净流出2051.39万元。
237,百利电气：主力资金净流出769.56万元，净占比-15.87%（01-07）,2021-01-07 15:54:42,600468.sh,百利电气2021年1月7日收报4.07元，涨跌幅-6.44%，换手率1.04%。当日该股主力资金流入674.14万元，流出1443.7万元，主力净流出769.56万元。其中，超大单流入2.67万元，流出40.91万元，净流出38.23万元。当日散户资金流入4124.21万元，流出3354.66万元，散户净流入769.56万元。资金流向分布情况如下图： 百利电气近五日主力资金、超大单资金流向情况如下表： 百利电气今日主力资金流向两市排名2582/4146，近五日内该股主力资金总体呈流出状态，五日共净流出2304.81万元。
238,百利电气：主力资金净流出171.83万元，净占比-6.76%（01-06）,2021-01-06 15:53:44,600468.sh,百利电气2021年1月6日收报4.35元，涨跌幅-1.81%，换手率0.52%。当日该股主力资金流入257.6万元，流出429.43万元，主力净流出171.83万元。当日散户资金流入2216.45万元，流出2044.62万元，散户净流入171.83万元。资金流向分布情况如下图： 百利电气近五日主力资金、超大单资金流向情况如下表： 百利电气今日主力资金流向两市排名1742/4143，近五日内该股主力资金总体呈流出状态，五日共净流出1383.81万元。
239,百利电气：主力资金净流入41.02万元，净占比0.96%（01-05）,2021-01-05 15:57:32,600468.sh,百利电气2021年1月5日收报4.43元，涨跌幅1.14%，换手率0.87%。当日该股主力资金流入838.26万元，流出797.23万元，主力净流入41.02万元。当日散户资金流入3305.2万元，流出3346.22万元，散户净流出41.02万元。资金流向分布情况如下图： 百利电气近五日主力资金、超大单资金流向情况如下表： 百利电气今日主力资金流向两市排名1030/4140，近五日内该股主力资金总体呈流出状态，五日共净流出1220.63万元。
240,百利电气：主力资金净流出908.57万元，净占比-21.07%（01-04）,2021-01-04 15:53:36,600468.sh,百利电气2021年1月4日收报4.38元，涨跌幅-0.68%，换手率0.88%。当日该股主力资金流入636.49万元，流出1545.06万元，主力净流出908.57万元。其中，超大单流入0元，流出385.55万元，净流出385.55万元。当日散户资金流入3628.34万元，流出2719.77万元，散户净流入908.57万元。资金流向分布情况如下图： 百利电气近五日主力资金、超大单资金流向情况如下表： 百利电气今日主力资金流向两市排名3487/4140，近五日内该股主力资金总体呈流出状态，五日共净流出1667.53万元。
241,百利电气主力资金连续7周净流出合计7283.5万元,2021-01-03 16:21:06,600468.sh,百利电气本周(2020/12/28-2020/12/31)累计涨幅达0.68%，截至12月31日最新股价报收4.41元。本周主力资金流入2441.22万元，流出3200.18万元，主力净流出758.96万元。其中，超大单流入226.14万元，流出842.99万元，净流出616.85万元。本周散户资金流入1.02亿元，流出9415.79万元，散户净流入758.96万元。本周详细资金流向数据如下表： 百利电气本周主力资金延续流出态势，已连续7周净流出累计达7283.5万元。周度主力资金净流入值在所属东财二级行业板块（输配电气）中排名57/124，两市排名2577/4139。
244,百利电气：主力资金净流入151.44万元，净占比5.30%（12-30）,2020-12-30 15:50:40,600468.sh,百利电气2020年12月30日收报4.34元，涨跌幅-0.69%，换手率0.58%。当日该股主力资金流入713.32万元，流出561.88万元，主力净流入151.44万元。其中，超大单流入117.01万元，流出203.84万元，净流出86.83万元。当日散户资金流入2107.18万元，流出2258.62万元，散户净流出151.44万元。资金流向分布情况如下图： 百利电气近五日主力资金、超大单资金流向情况如下表： 百利电气今日主力资金流向两市排名923/4136，近五日内该股主力资金总体呈流出状态，五日共净流出747.53万元。
245,百利电气：主力资金连续4天净流出累计898.97万元（12-29）,2020-12-29 16:08:18,600468.sh,百利电气2020年12月29日收报4.37元，涨跌幅0.23%，换手率0.53%。当日该股主力资金流入624.32万元，流出632.97万元，主力净流出8.64万元。当日散户资金流入1977.41万元，流出1968.77万元，散户净流入8.64万元。资金流向分布情况如下图： 百利电气近五日主力资金、超大单资金流向情况如下表： 百利电气今日主力资金流向两市排名1622/4133，近五日内该股主力资金总体呈流出状态，五日共净流出708.56万元。
246,百利电气：主力资金连续3天净流出累计890.32万元（12-28）,2020-12-28 16:00:14,600468.sh,百利电气2020年12月28日收报4.36元，涨跌幅-0.46%，换手率0.63%。当日该股主力资金流入626.12万元，流出1032万元，主力净流出405.88万元。其中，超大单流入109.13万元，流出287.78万元，净流出178.65万元。当日散户资金流入2408.79万元，流出2002.91万元，散户净流入405.88万元。资金流向分布情况如下图： 百利电气近五日主力资金、超大单资金流向情况如下表： 百利电气今日主力资金流向两市排名2571/4132，近五日内该股主力资金总体呈流出状态，五日共净流出798.77万元。
247,百利电气主力资金连续6周净流出合计6524.54万元,2020-12-27 16:25:29,600468.sh,百利电气本周(2020/12/21-2020/12/25)累计跌幅达4.16%，截至12月25日最新股价报收4.38元。本周主力资金流入1921.96万元，流出2282.22万元，主力净流出360.26万元。其中，超大单流入137.6万元，流出13.56万元，净流入124.04万元。本周散户资金流入1.38亿元，流出1.34亿元，散户净流入360.26万元。本周详细资金流向数据如下表： 百利电气本周主力资金延续流出态势，已连续6周净流出累计达6524.54万元。周度主力资金净流入值在所属东财二级行业板块（输配电气）中排名60/123，两市排名1397/4129。
248,百利电气：主力资金净流出180.32万元，净占比-6.87%（12-25）,2020-12-25 15:54:43,600468.sh,百利电气2020年12月25日收报4.38元，涨跌幅-0.45%，换手率0.53%。当日该股主力资金流入188.74万元，流出369.06万元，主力净流出180.32万元。当日散户资金流入2375.27万元，流出2194.95万元，散户净流入180.32万元。资金流向分布情况如下图： 百利电气近五日主力资金、超大单资金流向情况如下表： 百利电气今日主力资金流向两市排名2625/4129，近五日内该股主力资金总体呈流出状态，五日共净流出360.26万元。
249,百利电气：主力资金净流出304.12万元，净占比-9.57%（12-24）,2020-12-24 17:48:25,600468.sh,百利电气2020年12月24日收报4.4元，涨跌幅-3.30%，换手率0.64%。当日该股主力资金流入225.15万元，流出529.27万元，主力净流出304.12万元。当日散户资金流入2895.39万元，流出2591.27万元，散户净流入304.12万元。资金流向分布情况如下图： 百利电气近五日主力资金、超大单资金流向情况如下表： 百利电气今日主力资金流向两市排名2013/4125，近五日内该股主力资金总体呈流出状态，五日共净流出312.55万元。
250,百利电气主力资金连续5周净流出合计6164.28万元,2020-12-20 16:27:12,600468.sh,百利电气本周(2020/12/14-2020/12/18)累计涨幅达3.39%，截至12月18日最新股价报收4.57元。本周主力资金流入1591.71万元，流出1938.48万元，主力净流出346.77万元。其中，超大单流入0元，流出22.36万元，净流出22.36万元。本周散户资金流入1.08亿元，流出1.04亿元，散户净流入346.77万元。本周详细资金流向数据如下表： 百利电气本周主力资金延续流出态势，已连续5周净流出累计达6164.28万元。周度主力资金净流入值在所属东财二级行业板块（输配电气）中排名45/123，两市排名1677/4113。
251,百利电气：主力资金净流出129.66万元，净占比-5.74%（12-17）,2020-12-17 15:53:32,600468.sh,百利电气2020年12月17日收报4.57元，涨跌幅-1.72%，换手率0.44%。当日该股主力资金流入239.25万元，流出368.91万元，主力净流出129.66万元。其中，超大单流入0元，流出22.36万元，净流出22.36万元。当日散户资金流入1982.55万元，流出1852.89万元，散户净流入129.66万元。资金流向分布情况如下图： 百利电气近五日主力资金、超大单资金流向情况如下表： 百利电气今日主力资金流向两市排名2294/4110，近五日内该股主力资金总体呈流出状态，五日共净流出330.62万元。
252,百利电气：主力资金净流出243.45万元，净占比-10.65%（12-16）,2020-12-16 15:54:24,600468.sh,百利电气2020年12月16日收报4.65元，涨跌幅-0.21%，换手率0.44%。当日该股主力资金流入152.8万元，流出396.26万元，主力净流出243.45万元。当日散户资金流入2115.49万元，流出1872.04万元，散户净流入243.45万元。资金流向分布情况如下图： 百利电气近五日主力资金、超大单资金流向情况如下表： 百利电气今日主力资金流向两市排名2245/4111，近五日内该股主力资金总体呈流出状态，五日共净流出401.51万元。
253,百利电气：主力资金净流入65.61万元，净占比1.85%（12-15）,2020-12-15 15:51:52,600468.sh,百利电气2020年12月15日收报4.66元，涨跌幅2.19%，换手率0.68%。当日该股主力资金流入569.51万元，流出503.9万元，主力净流入65.61万元。当日散户资金流入2919.86万元，流出2985.47万元，散户净流出65.61万元。资金流向分布情况如下图： 百利电气近五日主力资金、超大单资金流向情况如下表： 百利电气今日主力资金流向两市排名1013/4109，近五日内该股主力资金总体无进出，五日共净流出177.79万元。
254,百利电气：主力资金净流入93.35万元，净占比3.78%（12-14）,2020-12-14 15:51:38,600468.sh,百利电气2020年12月14日收报4.56元，涨跌幅3.17%，换手率0.49%。当日该股主力资金流入319.52万元，流出226.17万元，主力净流入93.35万元。当日散户资金流入2099.75万元，流出2193.1万元，散户净流出93.35万元。资金流向分布情况如下图： 百利电气近五日主力资金、超大单资金流向情况如下表： 百利电气今日主力资金流向两市排名1055/4106，近五日内该股主力资金总体呈流出状态，五日共净流出594.79万元。
255,百利电气主力资金连续4周净流出合计5817.51万元,2020-12-13 16:18:51,600468.sh,百利电气本周(2020/12/07-2020/12/11)累计跌幅达6.95%，截至12月11日最新股价报收4.42元。本周主力资金流入1212.66万元，流出2364.41万元，主力净流出1151.75万元。其中，超大单流入224.73万元，流出222.5万元，净流入2.23万元。本周散户资金流入1亿元，流出8890.57万元，散户净流入1151.75万元。本周详细资金流向数据如下表： 百利电气本周主力资金延续流出态势，已连续4周净流出累计达5817.51万元。周度主力资金净流入值在所属东财二级行业板块（输配电气）中排名51/123，两市排名1892/4105。
256,百利电气：主力资金连续13天净流出累计4145万元（12-11）,2020-12-11 15:52:29,600468.sh,百利电气2020年12月11日收报4.42元，涨跌幅-1.78%，换手率0.44%。当日该股主力资金流入329.96万元，流出446.42万元，主力净流出116.46万元。当日散户资金流入1836.22万元，流出1719.76万元，散户净流入116.46万元。资金流向分布情况如下图： 百利电气近五日主力资金、超大单资金流向情况如下表： 百利电气今日主力资金流向两市排名1257/4105，近五日内该股主力资金总体呈流出状态，五日共净流出1151.75万元。
257,百利电气：主力资金连续12天净流出累计4028.54万元（12-10）,2020-12-10 15:52:39,600468.sh,百利电气2020年12月10日收报4.5元，涨跌幅-1.10%，换手率0.58%。当日该股主力资金流入305.1万元，流出505.65万元，主力净流出200.54万元。其中，超大单流入224.73万元，流出222.5万元，净流入2.23万元。当日散户资金流入2588.41万元，流出2387.87万元，散户净流入200.54万元。资金流向分布情况如下图： 百利电气近五日主力资金、超大单资金流向情况如下表： 百利电气今日主力资金流向两市排名2283/4102，近五日内该股主力资金总体呈流出状态，五日共净流出1280.65万元。
258,百利电气：主力资金连续11天净流出累计3828万元（12-09）,2020-12-09 15:52:51,600468.sh,百利电气2020年12月9日收报4.55元，涨跌幅-3.40%，换手率0.47%。当日该股主力资金流入212.7万元，流出232.43万元，主力净流出19.74万元。当日散户资金流入2193.89万元，流出2174.16万元，散户净流入19.74万元。资金流向分布情况如下图： 百利电气近五日主力资金、超大单资金流向情况如下表： 百利电气今日主力资金流向两市排名940/4101，近五日内该股主力资金总体呈流出状态，五日共净流出2115.92万元。
259,百利电气：主力资金连续10天净流出累计3808.26万元（12-08）,2020-12-08 15:58:49,600468.sh,百利电气2020年12月8日收报4.71元，涨跌幅-0.21%，换手率0.34%。当日该股主力资金流入175.39万元，流出526.79万元，主力净流出351.39万元。当日散户资金流入1628.57万元，流出1277.18万元，散户净流入351.39万元。资金流向分布情况如下图： 百利电气近五日主力资金、超大单资金流向情况如下表： 百利电气今日主力资金流向两市排名2513/4101，近五日内该股主力资金总体呈流出状态，五日共净流出2396.28万元。
263,百利电气：主力资金连续7天净流出累计2747.9万元（12-03）,2020-12-03 15:53:06,600468.sh,百利电气2020年12月3日收报4.72元，涨跌幅-2.28%，换手率0.61%。当日该股主力资金流入92.25万元，流出1128.07万元，主力净流出1035.82万元。其中，超大单流入0元，流出253.44万元，净流出253.44万元。当日散户资金流入3097.33万元，流出2061.52万元，散户净流入1035.82万元。资金流向分布情况如下图： 百利电气近五日主力资金、超大单资金流向情况如下表： 百利电气今日主力资金流向两市排名3216/4093，近五日内该股主力资金总体呈流出状态，五日共净流出1774.95万元。
264,百利电气：主力资金连续6天净流出累计1712.08万元（12-02）,2020-12-02 15:53:14,600468.sh,百利电气2020年12月2日收报4.83元，涨跌幅0.63%，换手率0.41%。当日该股主力资金流入120.47万元，流出420.57万元，主力净流出300.1万元。当日散户资金流入2082.2万元，流出1782.11万元，散户净流入300.1万元。资金流向分布情况如下图： 百利电气近五日主力资金、超大单资金流向情况如下表： 百利电气今日主力资金流向两市排名2522/4091，近五日内该股主力资金总体呈流出状态，五日共净流出1606.82万元。
265,百利电气：主力资金连续5天净流出累计1411.98万元（12-01）,2020-12-01 15:54:19,600468.sh,百利电气2020年12月1日收报4.8元，涨跌幅-0.21%，换手率0.54%。当日该股主力资金流入418.01万元，流出748.09万元，主力净流出330.09万元。其中，超大单流入0元，流出152.38万元，净流出152.38万元。当日散户资金流入2450.38万元，流出2120.29万元，散户净流入330.09万元。资金流向分布情况如下图： 百利电气近五日主力资金、超大单资金流向情况如下表： 百利电气今日主力资金流向两市排名3034/4087，近五日内该股主力资金总体呈流出状态，五日共净流出1411.98万元。
266,百利电气：主力资金连续4天净流出累计1081.89万元（11-30）,2020-11-30 15:51:42,600468.sh,百利电气2020年11月30日收报4.81元，涨跌幅-1.43%，换手率0.38%。当日该股主力资金流入260.92万元，流出343.26万元，主力净流出82.34万元。当日散户资金流入1738.95万元，流出1656.61万元，散户净流入82.34万元。资金流向分布情况如下图： 百利电气近五日主力资金、超大单资金流向情况如下表： 百利电气今日主力资金流向两市排名1878/4086，近五日内该股主力资金总体呈流出状态，五日共净流出1020.51万元。
267,百利电气主力资金连续2周净流出合计2672.06万元,2020-11-29 16:15:58,600468.sh,百利电气本周(2020/11/23-2020/11/27)累计跌幅达0.41%，截至11月27日最新股价报收4.88元。本周主力资金流入971.01万元，流出2222.15万元，主力净流出1251.14万元。其中，超大单流入0元，流出94.57万元，净流出94.57万元。本周散户资金流入1.19亿元，流出1.06亿元，散户净流入1251.14万元。本周详细资金流向数据如下表： 百利电气本周主力资金延续流出态势，已连续2周净流出累计达2672.06万元。周度主力资金净流入值在所属东财二级行业板块（输配电气）中排名65/123，两市排名2144/4086。
268,百利电气：主力资金连续3天净流出累计999.55万元（11-27）,2020-11-27 15:53:44,600468.sh,百利电气2020年11月27日收报4.88元，涨跌幅0.62%，换手率0.25%。当日该股主力资金流入50.05万元，流出76.66万元，主力净流出26.6万元。当日散户资金流入1278.04万元，流出1251.44万元，散户净流入26.6万元。资金流向分布情况如下图： 百利电气近五日主力资金、超大单资金流向情况如下表： 百利电气今日主力资金流向两市排名1371/4086，近五日内该股主力资金总体呈流出状态，五日共净流出1251.14万元。
269,百利电气：主力资金净流出867.69万元，净占比-32.16%（11-26）,2020-11-26 15:51:42,600468.sh,百利电气2020年11月26日收报4.85元，涨跌幅-2.02%，换手率0.49%。当日该股主力资金流入87.46万元，流出955.14万元，主力净流出867.69万元。当日散户资金流入2577.07万元，流出1709.39万元，散户净流入867.69万元。资金流向分布情况如下图： 百利电气近五日主力资金、超大单资金流向情况如下表： 百利电气今日主力资金流向两市排名3045/4085，近五日内该股主力资金总体呈流出状态，五日共净流出1291.03万元。
270,百利电气：主力资金净流出105.26万元，净占比-4.18%（11-25）,2020-11-25 15:49:11,600468.sh,百利电气2020年11月25日收报4.95元，涨跌幅-1.98%，换手率0.45%。当日该股主力资金流入190.17万元，流出295.43万元，主力净流出105.26万元。当日散户资金流入2275.2万元，流出2169.94万元，散户净流入105.26万元。资金流向分布情况如下图： 百利电气近五日主力资金、超大单资金流向情况如下表： 百利电气今日主力资金流向两市排名1460/4084，近五日内该股主力资金总体呈流出状态，五日共净流出508.47万元。
271,百利电气：主力资金净流入61.39万元，净占比2.00%（11-24）,2020-11-24 15:55:44,600468.sh,百利电气2020年11月24日收报5.05元，涨跌幅2.02%，换手率0.55%。当日该股主力资金流入427.79万元，流出366.4万元，主力净流入61.39万元。其中，超大单流入0元，流出94.57万元，净流出94.57万元。当日散户资金流入2534.82万元，流出2596.21万元，散户净流出61.39万元。资金流向分布情况如下图： 百利电气近五日主力资金、超大单资金流向情况如下表： 百利电气今日主力资金流向两市排名997/4083，近五日内该股主力资金总体呈流出状态，五日共净流出431.75万元。
272,百利电气：主力资金连续7天净流出累计2280.89万元（11-23）,2020-11-23 15:47:57,600468.sh,百利电气2020年11月23日收报4.95元，涨跌幅1.02%，换手率0.64%。当日该股主力资金流入215.54万元，流出528.51万元，主力净流出312.97万元。当日散户资金流入3235.97万元，流出2922.99万元，散户净流入312.97万元。资金流向分布情况如下图： 百利电气近五日主力资金、超大单资金流向情况如下表： 百利电气今日主力资金流向两市排名2504/4082，近五日内该股主力资金总体呈流出状态，五日共净流出1414.72万元。
273,资金流向周汇总：百利电气本周主力资金净流出1420.92万元,2020-11-22 16:21:16,600468.sh,百利电气本周(2020/11/16-2020/11/20)累计跌幅达2.58%，截至11月20日最新股价报收4.9元。本周主力资金流入964.6万元，流出2385.52万元，主力净流出1420.92万元。其中，超大单流入0元，流出415.29万元，净流出415.29万元。本周散户资金流入1.03亿元，流出8830.62万元，散户净流入1420.92万元。本周详细资金流向数据如下表： 百利电气周度主力资金净流入值在所属东财二级行业板块（输配电气）中排名78/123，两市排名2710/4080。
274,百利电气：主力资金连续6天净流出累计1967.92万元（11-20）,2020-11-20 15:59:05,600468.sh,百利电气2020年11月20日收报4.9元，涨跌幅0.20%，换手率0.31%。当日该股主力资金流入143.55万元，流出210.04万元，主力净流出66.49万元。当日散户资金流入1562.78万元，流出1496.29万元，散户净流入66.49万元。资金流向分布情况如下图： 百利电气近五日主力资金、超大单资金流向情况如下表： 百利电气今日主力资金流向两市排名1959/4080，近五日内该股主力资金总体呈流出状态，五日共净流出1420.92万元。
275,百利电气：主力资金连续5天净流出累计1901.43万元（11-19）,2020-11-19 15:55:27,600468.sh,百利电气2020年11月19日收报4.89元，涨跌幅-0.20%，换手率0.29%。当日该股主力资金流入44.46万元，流出129.58万元，主力净流出85.13万元。当日散户资金流入1509.7万元，流出1424.57万元，散户净流入85.13万元。资金流向分布情况如下图： 百利电气近五日主力资金、超大单资金流向情况如下表： 百利电气今日主力资金流向两市排名1979/4080，近五日内该股主力资金总体呈流出状态，五日共净流出1901.43万元。
276,百利电气：主力资金连续4天净流出累计1816.3万元（11-18）,2020-11-18 16:00:02,600468.sh,百利电气2020年11月18日收报4.9元，涨跌幅0.20%，换手率0.36%。当日该股主力资金流入290.49万元，流出319.03万元，主力净流出28.54万元。当日散户资金流入1637.71万元，流出1609.17万元，散户净流入28.54万元。资金流向分布情况如下图： 百利电气近五日主力资金、超大单资金流向情况如下表： 百利电气今日主力资金流向两市排名1735/4080，近五日内该股主力资金总体呈流出状态，五日共净流出907.14万元。
277,百利电气：主力资金连续3天净流出累计1787.76万元（11-17）,2020-11-17 15:55:28,600468.sh,百利电气2020年11月17日收报4.89元，涨跌幅-2.78%，换手率0.63%。当日该股主力资金流入277.51万元，流出1199.1万元，主力净流出921.58万元。其中，超大单流入0元，流出298.09万元，净流出298.09万元。当日散户资金流入3162.58万元，流出2241万元，散户净流入921.58万元。资金流向分布情况如下图： 百利电气近五日主力资金、超大单资金流向情况如下表： 百利电气今日主力资金流向两市排名2999/4077，近五日内该股主力资金总体呈流出状态，五日共净流出713.58万元。
292,百利电气：百利装备集团未能征集到液压集团100%股权的受让方 拟继续挂牌,2020-11-01 14:43:11,600468.sh,百利电气公告，公司于2020年11月1日收到控股股东天津液压机械(集团)有限公司《关于液压集团混改进展情况的有关通知》。液压集团之控股股东天津百利机械装备集团有限公司将其持有的液压集团股权转让信息在天津产权交易中心正式披露，转让所持液压集团的100%股权。截至2020年10月30日，本次信息披露期届...
293,百利电气：主力资金净流入13.56万，净占比0.29%（10-30）,2020-10-30 18:49:55,600468.sh,百利电气2020年10月30日收报4.88元，涨跌幅1.67%，换手率0.87%。当日该股主力资金流入493.89万元，流出480.34万元，主力净流入13.56万元。其中，超大单流入14.67万元，流出0元，净流入14.67万元。当日散户资金流入4225.63万元，流出4239.18万元，散户净流出13.56万元。资金流向分布情况如下图： 百利电气近五日主力资金、超大单资金流向情况如下表： 百利电气今日主力资金流向两市排名784/4066，近五日内该股主力资金总体呈流出状态，五日共净流出1855.79万元。
294,百利电气：主力资金连续19天净流出累计1.23亿元（10-29）,2020-10-29 18:49:25,600468.sh,百利电气2020年10月29日收报4.8元，涨跌幅0.63%，换手率1.06%。当日该股主力资金流入593.06万元，流出759.01万元，主力净流出165.94万元。当日散户资金流入4973.29万元，流出4807.34万元，散户净流入165.94万元。资金流向分布情况如下图： 百利电气近五日主力资金、超大单资金流向情况如下表： 百利电气今日主力资金流向两市排名2287/4064，近五日内该股主力资金总体呈流出状态，五日共净流出1961.11万元。
295,百利电气：2020年前三季度归母净利润同比大增106.1%，约为8400万元,2020-10-29 18:01:33,600468.sh,百利电气于2020年10月30日披露三季报，公司2020年前三季度实现营业总收入15.3亿，同比增长32.2%；实现归母净利润8400.2万，同比增长106.1%；每股收益为0.08元。报告期内，公司毛利率为24.8%，同比提高6.6个百分点，净利率为6.3%，同比提高2.2个百分点。
296,百利电气：2020年前三季度净利润约8400万元 同比增加106.09%,2020-10-29 16:00:17,600468.sh,百利电气(SH600468，收盘价：4.8元)10月29日晚间发布三季度业绩公告称，2020年前三季度营收约15.35亿元，同比增长32.21%；净利润约8400万元，同比增长106.09%；基本每股收益0.0772元，同比增长106.97%。2019年年报显示，百利电气的主营业务为制造业、贸易业，...
297,百利电气：2020年前三季度净利润同比增长106.1%,2020-10-29 15:40:40,600468.sh,百利电气（600468）发布三季报，2020年前三季度实现营业总收入15.35亿元，同比增长32.21%；归属母公司股东净利润8400.16万元，同比增长106.09%；基本每股收益为0.0772元。
298,百利电气：主力资金连续18天净流出累计1.21亿元（10-28）,2020-10-28 15:57:03,600468.sh,百利电气2020年10月28日收报4.77元，涨跌幅-2.65%，换手率1.16%。当日该股主力资金流入301.42万元，流出1219.61万元，主力净流出918.19万元。其中，超大单流入930元，流出0元，净流入930元。当日散户资金流入5885.71万元，流出4967.53万元，散户净流入918.19万元。资金流向分布情况如下图： 百利电气近五日主力资金、超大单资金流向情况如下表： 百利电气今日主力资金流向两市排名3346/4061，近五日内该股主力资金总体呈流出状态，五日共净流出2157.95万元。
299,百利电气：主力资金连续17天净流出累计1.12亿元（10-27）,2020-10-27 18:42:01,600468.sh,百利电气2020年10月27日收报4.9元，涨跌幅-2.58%，换手率0.60%。当日该股主力资金流入235.88万元，流出965.93万元，主力净流出730.04万元。当日散户资金流入3041.49万元，流出2311.45万元，散户净流入730.04万元。资金流向分布情况如下图： 百利电气近五日主力资金、超大单资金流向情况如下表： 百利电气今日主力资金流向两市排名3258/4060，近五日内该股主力资金总体呈流出状态，五日共净流出1499.88万元。
300,百利电气预计明日收盘后（周四晚）披露三季报,2020-10-27 18:41:25,600468.sh,百利电气（600468）预计明日收盘后（周四晚）披露第三季度季报（报表公告日：2020年10月30日）。
301,百利电气预计后天收盘后（周四晚）披露三季报,2020-10-27 18:41:24,600468.sh,百利电气（600468）预计后天收盘后（周四晚）披露第三季度季报（报表公告日：2020年10月30日）。
302,百利电气：主力资金连续16天净流出累计1.05亿元（10-26）,2020-10-26 17:05:33,600468.sh,百利电气2020年10月26日收报5.03元，涨跌幅-0.40%，换手率0.35%。当日该股主力资金流入116.74万元，流出171.91万元，主力净流出55.17万元。当日散户资金流入1838.86万元，流出1783.69万元，散户净流入55.17万元。资金流向分布情况如下图： 百利电气近五日主力资金、超大单资金流向情况如下表： 百利电气今日主力资金流向两市排名1810/4059，近五日内该股主力资金总体呈流出状态，五日共净流出1009.64万元。
303,百利电气：主力资金连续15天净流出累计1.04亿元（10-23）,2020-10-23 16:24:03,600468.sh,百利电气2020年10月23日收报5.05元，涨跌幅-0.98%，换手率0.32%。当日该股主力资金流入51.1万元，流出142.86万元，主力净流出91.76万元。当日散户资金流入1729.14万元，流出1637.38万元，散户净流入91.76万元。资金流向分布情况如下图： 百利电气近五日主力资金、超大单资金流向情况如下表： 百利电气今日主力资金流向两市排名1514/4056，近五日内该股主力资金总体呈流出状态，五日共净流出1021.2万元。
304,百利电气：主力资金连续14天净流出累计1.03亿元（10-22）,2020-10-22 16:02:22,600468.sh,百利电气2020年10月22日收报5.1元，涨跌幅0.39%，换手率0.57%。当日该股主力资金流入319.08万元，流出681.86万元，主力净流出362.78万元。其中，超大单流入0元，流出174.81万元，净流出174.81万元。当日散户资金流入2909.26万元，流出2546.48万元，散户净流入362.78万元。资金流向分布情况如下图： 百利电气近五日主力资金、超大单资金流向情况如下表： 百利电气今日主力资金流向两市排名2721/4055，近五日内该股主力资金总体呈流出状态，五日共净流出1109.1万元。
305,百利电气：主力资金连续13天净流出累计9956.47万元（10-21）,2020-10-21 16:03:02,600468.sh,百利电气2020年10月21日收报5.08元，涨跌幅-1.36%，换手率0.48%。当日该股主力资金流入308.66万元，流出568.78万元，主力净流出260.12万元。当日散户资金流入2393.73万元，流出2133.61万元，散户净流入260.12万元。资金流向分布情况如下图： 百利电气近五日主力资金、超大单资金流向情况如下表： 百利电气今日主力资金流向两市排名2129/4053，近五日内该股主力资金总体呈流出状态，五日共净流出1154.56万元。
306,百利电气：主力资金连续12天净流出累计9696.35万元（10-20）,2020-10-20 15:53:01,600468.sh,百利电气2020年10月20日收报5.15元，涨跌幅-1.15%，换手率0.70%。当日该股主力资金流入420.18万元，流出659.98万元，主力净流出239.8万元。当日散户资金流入3500.31万元，流出3260.51万元，散户净流入239.8万元。资金流向分布情况如下图： 百利电气近五日主力资金、超大单资金流向情况如下表： 百利电气今日主力资金流向两市排名2701/4051，近五日内该股主力资金总体呈流出状态，五日共净流出1665.41万元。
307,百利电气：主力资金连续11天净流出累计9456.55万元（10-19）,2020-10-19 15:48:42,600468.sh,百利电气2020年10月19日收报5.21元，涨跌幅1.96%，换手率1.49%。当日该股主力资金流入1176.18万元，流出1242.93万元，主力净流出66.74万元。其中，超大单流入0元，流出252.05万元，净流出252.05万元。当日散户资金流入7239.96万元，流出7173.22万元，散户净流入66.74万元。资金流向分布情况如下图： 百利电气近五日主力资金、超大单资金流向情况如下表： 百利电气今日主力资金流向两市排名1585/4050，近五日内该股主力资金总体呈流出状态，五日共净流出1820.53万元。
322,百利电气：主力资金净流出3299.04万，净占比-37.70%（09-25）,2020-09-25 15:51:01,600468.sh,百利电气2020年9月25日收报5.55元，涨跌幅-10.05%，换手率1.36%。当日该股主力资金流入708.73万元，流出4007.77万元，主力净流出3299.04万元。其中，超大单流入0元，流出608.18万元，净流出608.18万元。当日散户资金流入8008.67万元，流出4709.62万元，散户净流入3299.04万元。资金流向分布情况如下图： 百利电气近五日主力资金、超大单资金流向情况如下表： 百利电气今日主力资金流向两市排名3823/4029，近五日内该股主力资金总体呈流出状态，五日共净流出2563.16万元。
323,百利电气：主力资金净流入27.2万，净占比0.56%（09-24）,2020-09-24 15:46:50,600468.sh,百利电气2020年9月24日收报6.17元，涨跌幅0.65%，换手率0.72%。当日该股主力资金流入1072.42万元，流出1045.22万元，主力净流入27.2万元。其中，超大单流入292.73万元，流出425.39万元，净流出132.66万元。当日散户资金流入3682.3万元，流出3709.49万元，散户净流出27.2万元。资金流向分布情况如下图： 百利电气近五日主力资金、超大单资金流向情况如下表： 百利电气今日主力资金流向两市排名551/4025，近五日内该股主力资金总体呈流入状态，五日共净流入370.84万元。
324,百利电气：主力资金净流入558.47万，净占比8.48%（09-23）,2020-09-23 15:46:08,600468.sh,百利电气2020年9月23日收报6.13元，涨跌幅2.51%，换手率0.97%。当日该股主力资金流入1634.34万元，流出1075.87万元，主力净流入558.47万元。其中，超大单流入191.56万元，流出315.35万元，净流出123.79万元。当日散户资金流入4857万元，流出5415.46万元，散户净流出558.47万元。资金流向分布情况如下图： 百利电气近五日主力资金、超大单资金流向情况如下表： 百利电气今日主力资金流向两市排名516/4021，近五日内该股主力资金总体无进出，五日共净流出30.94万元。
325,百利电气：主力资金净流出94.94万，净占比-1.87%（09-22）,2020-09-22 15:35:10,600468.sh,百利电气2020年9月22日收报5.98元，涨跌幅-0.50%，换手率0.75%。当日该股主力资金流入618.19万元，流出713.12万元，主力净流出94.94万元。当日散户资金流入4360.14万元，流出4265.2万元，散户净流入94.94万元。资金流向分布情况如下图： 百利电气近五日主力资金、超大单资金流向情况如下表： 百利电气今日主力资金流向两市排名1446/4019，近五日内该股主力资金总体呈流出状态，五日共净流出959.39万元。
326,百利电气：主力资金净流入245.16万，净占比3.56%（09-21）,2020-09-21 15:33:25,600468.sh,百利电气2020年9月21日收报6.01元，涨跌幅4.52%，换手率1.03%。当日该股主力资金流入1064.61万元，流出819.45万元，主力净流入245.16万元。当日散户资金流入5715.63万元，流出5960.79万元，散户净流出245.16万元。资金流向分布情况如下图： 百利电气近五日主力资金、超大单资金流向情况如下表： 百利电气今日主力资金流向两市排名516/4015，近五日内该股主力资金总体呈流出状态，五日共净流出1089.61万元。
327,百利电气：主力资金连续8天净流出累计2977.09万元（09-18）,2020-09-18 15:34:08,600468.sh,百利电气2020年9月18日收报5.75元，涨跌幅1.05%，换手率0.49%。当日该股主力资金流入527.44万元，流出892.48万元，主力净流出365.05万元。其中，超大单流入101.12万元，流出94.15万元，净流入6.97万元。当日散户资金流入2541.91万元，流出2176.86万元，散户净流入365.05万元。资金流向分布情况如下图： 百利电气近五日主力资金、超大单资金流向情况如下表： 百利电气今日主力资金流向两市排名2982/4010，近五日内该股主力资金总体呈流出状态，五日共净流出1367.31万元。
328,百利电气：主力资金连续7天净流出累计2612.04万元（09-17）,2020-09-17 15:36:37,600468.sh,百利电气2020年9月17日收报5.69元，涨跌幅-1.04%，换手率0.43%。当日该股主力资金流入279.54万元，流出654.13万元，主力净流出374.58万元。其中，超大单流入0元，流出5.06万元，净流出5.06万元。当日散户资金流入2426.47万元，流出2051.88万元，散户净流入374.58万元。资金流向分布情况如下图： 百利电气近五日主力资金、超大单资金流向情况如下表： 百利电气今日主力资金流向两市排名2759/4008，近五日内该股主力资金总体呈流出状态，五日共净流出1143.62万元。
329,百利电气盘中最高6.62元，股价连续两日创近一年新高,2020-08-31 15:27:00,600468.sh,8月31日，百利电气盘中最高价6.62元，股价连续两日创近一年新高。截至收盘，百利电气最新价为6.45元，上涨4.2%，全日成交金额达到1.47亿元，换手率2.04%。根据最新收盘价进行计算，百利电气总市值为72.36亿元。
330,百利电气盘中最高6.3元，股价创近一年新高,2020-08-28 15:35:06,600468.sh,8月28日，百利电气盘中最高价6.3元，股价创近一年新高。截至收盘，百利电气最新价为6.19元，上涨0.81%，全日成交金额达到1.12亿元，换手率1.62%。根据最新收盘价进行计算，百利电气总市值为69.45亿元。 Choice数据显示，百利电气近一年的前次股价高点出现在2020年8月11日，当日最高价为6.28元(前复权)，短期内未能突破前次高点，股价最低于2020年8月25日下探5.7元(前复权)。8月25日至8月28日，百利电气累计涨跌幅为6.91%。 横向与市场指数和所属行业进行比较，2020年8月25日至2020年8月28日区间内，上证指数同期上涨0.9%，申万二级行业高低压设备同期上涨1.68%。个股表现跑赢上证指数，强于所属申万行业指数。 从全市场来看，8月28日沪深两市共有西部牧业、永清环保、富瑞特装等99只股票价格创近一年新高。其中西部牧业股价已连续六日创下近一年盘中最高价。
331,百利电气：2020上半年归母净利润同比增长24.6%，约为4061万元,2020-08-27 17:53:38,600468.sh,百利电气于2020年8月28日披露中报，公司2020上半年实现营业总收入9.4亿，同比增长28%；实现归母净利润4060.6万，同比增长24.6%；每股收益为0.04元。报告期内，公司毛利率为23.5%，同比提高4.9个百分点，净利率为5.1%，基本维持上年同期水平。
332,【图解中报】百利电气2020年上半年净利润4061万元 同比增长24.63%,2020-08-27 17:03:47,600468.sh,"百利电气8月28日最新公布的2020年中报显示，其营业收入9.41亿元，同比增长27.96%；归属于上市公司股东的净利润4061万元，同比增长24.63%。基本每股收益0.0373元。 近年来，公司的业绩情况如下表所示： 近8年来，该公司同期营业收入及增速情况如下图： 同期，该公司归属上市公司股东净利润及增速情况如下图： 面对复杂多变的经济环境,公司紧密围绕2020年度经营目标和既定发展战略,针对客户需求和行业趋势的变化,持续调整产品结构,加大产品研发力度,提升生产装备工艺,积极开拓市场,实现2020年上半年经营业绩较快增长。截至本报告期末,公司总资产352,165.84万元,比上年度末增长6.88%;归属于上市公司股东的净资产174,191.11万元,比上年度末增长3.50%。报告期内,公司实现营业收入94,087.30万元,同比增长27.96%;实现归属于上市公司股东的净利润4,060.65万元,同比增长24.63%;实现归属于上市公司股东的扣除非经常性损益的净利润3,368.78万元,同比增长51.10%。整合荣信兴业公司2019年12月,公司完成荣信兴业公司86.735%股权收购工作。报告期内,公司一方面在保持荣信兴业公司原有核心骨干团队稳定的基础上,理顺管理流程,加强内部控制和基础管理工作;另一方面,构筑企业核心凝聚力,保障荣信兴业公司平稳过度并促进各项业务取得良性发展,增强公司整体盈利能力。提升装备水平装备水平是制造类企业的核心竞争力之一。"
333,百利电气：2020上半年净利润同比增长24.63%,2020-08-27 16:25:54,600468.sh,百利电气（600468）发布中报，2020上半年实现营业总收入9.41亿元，同比增长27.96%；归属母公司股东净利润4060.65万元，同比增长24.63%；基本每股收益为0.0373元。
334,百利电气盘中最高6.28元，股价创近一年新高,2020-08-11 15:33:39,600468.sh,8月11日，百利电气盘中最高价6.28元，股价创近一年新高。截至收盘，百利电气最新价为6.08元，上涨1.16%，全日成交金额达到1.74亿元，换手率2.54%。根据最新收盘价进行计算，百利电气总市值为68.21亿元。 Choice数据显示，百利电气近一年的前次股价高点出现在2020年8月4日，当日最高价为6.13元(前复权)，短期内未能突破前次高点，股价最低于2020年8月6日下探5.68元(前复权)。8月6日至8月11日，百利电气累计涨跌幅为4.11%。 横向与市场指数和所属行业进行比较，2020年8月6日至2020年8月11日区间内，上证指数同期下跌1.36%，申万二级行业高低压设备同期下跌0.98%。个股表现跑赢上证指数，强于所属申万行业指数。 从全市场来看，8月11日沪深两市共有东莞控股、*ST大洲、塔牌集团等132只股票价格创近一年新高。其中东莞控股股价已连续九日创下近一年盘中最高价。
335,大宗交易：百利电气成交2925.78万元，折价6.30%（08-07）,2020-08-07 18:01:48,600468.sh,2020年8月7日，百利电气发生1笔大宗交易，总成交531.96万股，成交金额2925.78万元，成交价5.50元，折价6.30%。
336,大宗交易：百利电气成交2750万元，折价5.82%（08-06）,2020-08-06 18:31:05,600468.sh,2020年8月6日，百利电气发生1笔大宗交易，总成交500万股，成交金额2750万元，成交价5.50元，折价5.82%。
337,百利电气天津子公司违法宣传 改正后未受行政处罚,2020-08-06 15:42:16,600468.sh,天津市西青区市场监督管理局网站昨日公布的不予行政处罚决定书(津青市监执四不罚字〔2020〕36号)显示，天津市百利电气有限公司(简称“百利有限公司”)在涉及专利产品广告中未标明专利号和专利种类案。2020年6月24日，天津市西青区市场监督管理局接举报，反映百利有限公司在公司网站宣传中，宣传“TM40...
345,百利电气盘中最高5.68元，股价创近一年新高,2020-07-07 15:49:03,600468.sh,7月7日，百利电气盘中最高价5.68元，股价创近一年新高。截至收盘，百利电气最新价为5.46元，上涨3.61%，全日成交金额达到1.36亿元，换手率2.25%。根据最新收盘价进行计算，百利电气总市值为61.26亿元。 Choice数据显示，百利电气近一年的前次股价高点出现在2020年4月22日，当日最高价为5.41元(前复权)，后市未能突破前次高点，股价最低于2020年5月22日下探4.11元(前复权)。以最低点为区间起点计算，2020年5月22日至2020年7月7日，百利电气区间累计涨幅达到31.57%。 横向与市场指数和所属行业进行比较，2020年5月22日至2020年7月7日区间内，上证指数同期上涨18.89%，申万二级行业高低压设备同期上涨9.72%。个股表现跑赢上证指数，强于所属申万行业指数。 从全市场来看，7月7日沪深两市共有光大证券、招商证券、华荣股份等344只股票价格创近一年新高。其中光大证券股价已连续九日创下近一年盘中最高价。
347,百利电气：2019年扣非净利润为4083万元 同比增长75.06%,2020-04-29 21:15:11,600468.sh,4月28日晚间，百利电气发布2019年度报告和2020年一季报。报告显示，公司去年营业收入为15.69亿元，同比增长15.64%，扣除非经常性损益的净利润为4083万元，同比增长75.06%。今年一季度，公司营业收入为4.08亿元，同比增长12.16%，扣除非经常性损益的净利润为1357万元，同比增...
348,百利电气：2019年净利润同比增长19.49%,2020-04-28 19:38:25,600468.sh,百利电气（600468）发布年报，2019年实现营业总收入15.69亿元，同比增长15.64%；归属母公司股东净利润5631.12万元，同比增长19.49%；基本每股收益为0.0516元。
349,百利电气盘中最高5.41元，股价创近一年新高,2020-04-22 15:54:13,600468.sh,4月22日，百利电气盘中最高价5.41元，股价创近一年新高。截至收盘，百利电气最新价为5.18元，下跌1.89%，全日成交金额达到1.09亿元，换手率1.85%。根据最新收盘价进行计算，百利电气总市值为58.11亿元。 Choice数据显示，百利电气近一年的前次股价高点出现在2020年4月15日，当日最高价为5.38元(前复权)，短期内未能突破前次高点，股价最低于2020年4月21日下探4.88元(前复权)。4月21日至4月22日，百利电气累计涨跌幅为-1.89%。 横向与市场指数和所属行业进行比较，2020年4月21日至2020年4月22日区间内，上证指数同期上涨0.6%，申万二级行业高低压设备同期上涨0.66%。个股表现跑输上证指数，弱于所属申万行业指数。 从全市场来看，4月22日沪深两市共有天下秀、美尔雅、国电南自等55只股票价格创近一年新高。其中天下秀股价已连续六日创下近一年盘中最高价。
350,百利电气盘中最高5.25元，股价连续两日创近一年新高,2020-04-13 15:55:13,600468.sh,4月13日，百利电气盘中最高价5.25元，股价连续两日创近一年新高。截至收盘，百利电气最新价为5.07元，上涨2.42%，全日成交金额达到1.93亿元，换手率3.41%。根据最新收盘价进行计算，百利电气总市值为56.88亿元。
351,百利电气盘中最高5.06元，股价创近一年新高,2020-04-10 15:48:38,600468.sh,4月10日，百利电气盘中最高价5.06元，股价创近一年新高。截至收盘，百利电气最新价为4.95元，上涨5.77%，全日成交金额达到1.77亿元，换手率3.28%。根据最新收盘价进行计算，百利电气总市值为55.53亿元。 Choice数据显示，百利电气近一年的前次股价高点出现在2019年4月24日，当日最高价为4.96元(前复权)，后市未能突破前次高点，股价最低于2020年2月4日下探3.13元(前复权)。以最低点为区间起点计算，2020年2月4日至2020年4月10日，百利电气区间累计涨幅达到48.65%。 横向与市场指数和所属行业进行比较，2020年2月4日至2020年4月10日区间内，上证指数同期上涨0.48%，申万二级行业高低压设备同期上涨15.64%。个股表现跑赢上证指数，强于所属申万行业指数。 从全市场来看，4月10日沪深两市共有新天然气、华海药业、昂利康等35只股票价格创近一年新高。其中新天然气股价已连续五日创下近一年盘中最高价。
352,百利电气：百利装备集团转让液压集团100%股权方案已经董事会审议通过,2020-03-17 16:38:51,600468.sh,3月16日晚，百利电气(600468)发布关于控股股东混改进展公告。公告称，百利装备集团拟转让其所持有的液压集团100%股权，且方案已经百利装备集团董事会审议通过。通过股权转让，将引入三个战略投资者，分别持有液压集团40%、40%、20%的股权，百利装备集团不再持有液压集团股权，同时，战略投资者必须...
353,百利电气：控股股东液压集团拟重启混改事宜,2019-11-29 19:19:05,600468.sh,百利电气(600468)11月29日晚公告，公司控股股东液压集团拟重新启动混合所有制改革工作。不过，重启混改仍需开展审计、评估、具体方案确定、履行国资程序等工作，改革的时间、进度存在不确定性。公告称，本次混合所有制改革涉及公司控股股东液压集团股权变动，鉴于目前混合所有制改革具体方案尚未确定，混合所有制改革是否将导致公司实际控制人发生变化尚无法判断。目前，液压集团直接持有上市公司51.66%股份。
354,百利电气：控股股东拟重启混改事宜,2019-11-29 18:26:08,600468.sh,百利电气(600468)11月29日晚间公告，经天津百利装备集团研究决定，拟重新启动公司控股股东液压集团混合所有制改革工作。本次混合所有制改革涉及公司控股股东液压集团股权变动，鉴于目前混合所有制改革具体方案尚未确定，混合所有制改革是否将导致公司实际控制人发生变化尚无法判断。
355,拟6亿元收购荣信兴业 百利电气系列并购效果不错,2019-11-25 06:45:49,600468.sh,围绕主业开展收购，百利电气正一步一个脚印打造围绕电力主业的产业集群。近日，百利电气计划斥资6.31亿元收购梦网集团持有的荣信兴业86.735%股权及配套资产，布局大功率电力电子设备，以进一步做大做强主业。11月5日，百利电气发布公告，公司拟以现金6.31亿元收购梦网集团所持有的荣信兴业86.735%...
356,百利电气回复问询函：标的公司盈利能力较强 不存在重大财务风险,2019-11-17 22:28:28,600468.sh,11月16日，百利电气(600468.SH)公告回复上交所问询函，公司认为荣信兴业具有行业竞争力，盈利能力较强，不存在重大财务风险。本次收购有利于百利电气优化产业结构和产品结构，发挥协同效应，增强核心竞争力、抗风险能力和盈利能力，收购决策具有合理性。公司在回复函中称，因公司募投项目立项较早，加之项目...
357,梦网集团清盘电力电子业务 百利电气拟6.3亿元照单全收,2019-11-05 06:56:10,600468.sh,这是一起颇有意思的A股公司收购另一家A股公司拟剥离业务的案例。百利电气4日晚间公告，公司拟以现金支付方式向梦网集团收购其所持有的辽宁荣信兴业电力技术有限公司86.735%股权及配套资产，交易总价约为6.3亿元。根据公告，本次标的股权的转让价款约为4.96亿元，配套资产价款约为1.35亿元，资金来源拟...
358,百利电气: 拟收购梦网集团旗下荣信兴业股权,2019-11-04 19:40:07,600468.sh,百利电气(600468)11月4日晚公告称，公司拟以现金收购梦网集团所持荣信兴业86.74%股权及配套资产，交易总价为6.31亿元。转让方业绩承诺为：2019年、2020年、2021年净利润分别不低于6000万元、7000万元和8000万元。本次交易完成后，荣信兴业将成为公司控股子公司，公司现有电气...
359,我国钠镍电池将6月份首次走出国门 百利电气等4只受益股或迎来布局良机,2019-05-28 15:08:49,600468.sh,据悉，日前，由超威集团主导的国内首个钠镍电池储能试点项目建成投用。目前，超威钠盐电池项目已进入试生产阶段，本月将全面量产下线。钠镍电池单体比能量达到135Wh/kg，寿命是锂电池的2倍至5倍，组成系统后，体积比锂电池系统小50%以上，全生命周期成本比锂电池低50%。据人民网报道，位于浙江湖州长兴经济...
360,天津力神甩卖亏损芯片子公司 百利电气欲接盘南大强芯控股权,2019-03-22 11:02:49,600468.sh,作为拥有17年历史的电池管理系统芯片设计研发部门，正遭大股东天津力神剥离。3月18日，天津百利特精电气股份有限公司(以下简称百利电气，600468.SH)通过天津产权交易中心，公开摘牌受让天津力神持有的南大强芯51%股权，挂牌底价58万元。 交易信息显示，百利电气拟通过天津产权交易中心以公开摘牌的方式，以自有资金受让天津力神电池股份有限公司(以下简称“天津力神”)持有的天津南大强芯半导体芯片设计有限公司(以下简称“南大强芯”)51%股权。股权转让底价为58.1万元。 而在此前的3月15日，百利电气已经通过召开董事会七届六次会议的形式，审议通过了《关于公开摘牌受让南大强芯51%股权的议案》。 据悉，天津力神创立于1997年，注册资本12.5亿元，具有100亿瓦时锂离子蓄电池的年生产能力，是国内少数投资规模最大、技术水平最高的锂离子电池生产企业之一，2018年动力电池装机总量全国第四。根据近几年的营业数据显示，天津力神在盈利方面并不稳定。2015年起天津力神实现扭亏，盈利近7000万元，2016年盈利达2.85亿元。不过，2017年起其净利润重现亏损，达3.48亿元。 作为一家专业从事芯片设计研发的公司，南大强芯主要为天津力神提供电池管理系统的芯片设计研发。来自启信宝的数据显示，南大强芯成立于2002年10月，注册资本1000万元。在其目前的股权结构上，天津力神为控股股东，持股59.50%；天津强芯半导体芯片设计有限公司为第二大股东，持股21%。而一旦上述股权交易完成，百利电气也将接替天津力神成为南大强芯第一大股东。天津力神亦将以8.5%的股权继续位列其第三大股东。 值得一提的是，南大强芯在去年的盈利情况并不理想。截至2018年11月30日(未经审计)的官方数据显示，2018年南大强芯营业收入122.19万元，亏损38.68万元，负债316.62万元。而与2017年营业数据相比，南大强芯总资产减少了56.7万元，营业收入也降低了27.6万元。 对于缘何收购南大强芯，百利电气方面则表示，通过收购、兼并等方式，将产业向上、下游延伸，符合企业发展战略。收购完成后，南大强芯也将成为百利电气控股子公司，纳入公司合并报表范围。 启信宝的数据显示，百利电气是一家以输配电设备为主营产品的上市公司，是天津装备制造业主体天津百利机械装备集团有限公司旗下唯一控股上市企业。产品涉及输配电及控制设备、高低压电器元件及成套设备、互感器、泵、电控辅件等领域。 另据近三年财报数据显示，百利电气盈利增幅逐渐趋缓。2016年百利电气净利润0.53亿，同比增长275.22%；2017年净利润0.66亿，同比增长24.2%；截至2018年第三季度，其净利润为4668万元，同比下降1.58%。 百利电气同时提醒，由于南大强芯在企业文化、经营模式和内部管理体系等方面与其现有体系存在一定差异，南大强芯未来盈利能力将取决于整体经营环境等多方面因素。而能否实现平稳融合，仍存在一定不确定性。
375,控股股东拟引入战投进行混改 百利电气实控人或变更,2017-10-30 09:32:11,600468.sh,10月29日晚间，百利电气(600468)公告称，近日，公司收到控股股东液压集团和公司间接控制人天津百利机械装备集团有限公司通知，为深化国有企业改革，创新体制机制，液压集团拟进行混合所有制改革，通过增资扩股的方式实现天津百利机械装备集团有限公司及新引进的两名战略投资者分别对液压集团持有40%、39%、21%的股权比例，进而形成相互促进和相互制衡的股权结构。混改方案如获通过并实施完成，液压集团股权结构将发生重大变化，或将导致本公司实际控制人发生变更。  公告称，本次液压集团混合所有制改革，拟在天津产权交易中心公开进行交易，择优选择两名战略投资者对液压集团在其评估值基础上进行增资扩股，并实现天津百利机械装备集团有限公司及新引进的两名战略投资者分别对液压集团持有40%、39%、21%的股权比例，进而形成相互促进和相互制衡的股权结构。 资料显示，液压集团作为本公司控股股东，直接持有本公司51.04%股权。该公司是国有独资公司天津百利机械装备集团有限公司的全资子公司。本次混改方案如获通过并实施完成，液压集团股权结构将发生重大变化，或将导致本公司实际控制人发生变更。 截至目前，液压集团混合所有制改革方案已履行完该公司及其控股股东——天津百利机械装备集团有限公司的董事会等相关内部决策程序并已完成相应的审计、评估工作。立信会计师事务所和北京中企华资产评估有限责任公司分别对液压集团进行了审计、评估，出具了专项报告，对于评估机构做出的评估值亦按照国资的相关规定进行了审核与备案。 公司同日晚间发布的2017年三季报显示，今年前三季度，公司实现营业收入9.52亿元，同比增长34.29%，实现归属于上市公司股东的净利润4743.14万元，同比增长21.58%。基本每股收益0.0585元/股。  随着液压集团混改开启，天津国企改革正进一步加速。今年年初，天津市国资委公布了今年混改的目标任务，拟在5-6家集团开展集团层面混改试点，力争完成两家试点，2018年全面推开。对二级及以下企业，本着“靓女先嫁”的原则，今年计划安排30%左右混改，2018年重点推进，2019年收尾，确保各项改革任务落地结果。 今年6月6日，在天津融洽会期间举行的“天津市国有企业混改暨海河产业基金推介对接会”上，天津市国企混改更是抛出了大手笔，推出了由几十家天津市属集团梳理的200个混改招商项目，拟为天津市国有企业引入发展资金1100多亿元。这些混改招商项目中，一级集团层级混改项目20个，引资规模超百亿的就有4个。 天津市国资委副主任杨宏彦表示：“国企混改的首要目标是解决体制机制问题。天津市国企混改层级由二级以下企业提升到一级集团层面，由‘少数靓女先嫁’提升到靓女、平女、丑女‘三女齐嫁’。天津市要引入真正的战略投资者推进分类国企改革，在竞争性国企股权结构改革中国有资本可控股也可不控股。” 据悉，天津市确立了“一二三”的国企改革思路，即一个总要求、两大块工作、三个一批重点改革任务。一个总要求是指，除涉及国家安全领域的国有企业全部进行混改。两大块工作是指，推进改革和稳妥安置职工。三个一批重点改革任务是指，稳妥推进公益性国企改革、全面推进竞争性国企混改、统筹推进要素剥离重整混改。
376,百利电气控股股东拟进行混改,2017-10-30 02:41:25,600468.sh,百利电气10月29日晚公告称，近日，百利电气收到控股股东天津液压机械(集团)有限公司(简称“液压集团”)和公司间接控制人天津百利机械装备集团有限公司(简称“百利机械”)通知，为深化国有企业改革，创新体制机制，液压集团拟进行混合所有制改革，通过增资扩股的方式实现天津百利机械装备集团有限公司及新引进的两名战略投资者分别对液压集团持有40%、39%、21%的股权比例，进而形成相互促进和相互制衡的股权结构。 公司称，混改方案如获通过并实施完成，液压集团股权结构将发生重大变化，或将导致上市公司实际控制人发生变更。  公告称，本次液压集团混合所有制改革，拟在天津产权交易中心公开进行交易，择优选择两名战略投资者对液压集团在其评估值基础上进行增资扩股，并实现百利机械及新引进的两名战略投资者分别对液压集团持有40%、39%、21%的股权比例，进而形成相互促进和相互制衡的股权结构。 资料显示，液压集团作为百利电气控股股东，直接持有上市公司51.04%股权。该公司是国有独资公司百利机械的全资子公司。本次混改方案如获通过并实施完成，液压集团股权结构将发生重大变化，或将导致上市公司实际控制人发生变更。 截至目前，液压集团混合所有制改革方案已履行完该公司及该公司控股股东百利机械的董事会等相关内部决策程序并已完成相应的审计、评估工作。立信会计师事务所和北京中企华资产评估有限责任公司分别对液压集团进行了审计、评估，出具了专项报告。对于评估机构做出的评估值亦按照国资委的相关规定进行了审核与备案。 公司同日晚发布的2017年三季报显示，今年前三季度，公司实现营业收入9.52亿元，同比增长34.29%，实现归属于上市公司股东的净利润4743.14万元，同比增长21.58%。基本每股收益0.0585元/股。  随着液压集团混改开启，天津国企改革正进一步加速。 今年年初，天津市国资委公布了今年混改的目标任务，拟在5-6家集团开展集团层面混改试点，力争完成两家试点，2018年全面推开。对二级及以下企业，本着“靓女先嫁”的原则，今年计划安排30%左右混改，2018年重点推进，2019年收尾，确保各项改革任务落地结果。 今年6月6日，在天津融洽会期间，天津市国企混改更是抛出了大手笔，推出了由几十家天津市属集团梳理的200个混改招商项目，拟为天津市国有企业引入发展资金1100多亿元。这些混改招商项目中，一级集团层级混改项目20个，引资规模超百亿的就有4个。 天津市国资委副主任杨宏彦表示：“国企混改的首要目标是解决体制机制问题。天津市国企混改层级由二级以下企业提升到一级集团层面，由‘少数靓女先嫁’提升到靓女、平女、丑女‘三女齐嫁’。天津市要引入真正的战略投资者推进分类国企改革，在竞争性国企股权结构改革中国有资本可控股也可不控股。” 据悉，天津市确立了“一二三”的国企改革思路，即一个总要求、两大块工作、三个一批重点改革任务。一个总要求是指，除涉及国家安全领域的国有企业全部进行混改。两大块工作是指，推进改革和稳妥安置职工。三个一批重点改革任务是指，稳妥推进公益性国企改革、全面推进竞争性国企混改、统筹推进要素剥离重整混改。
377,百利电气第三季度扣非净利润增长逾600%,2017-10-29 22:11:20,600468.sh,10月29日晚，百利电气披露2017年三季度报告。报告期内，公司营业收入同比增长34.29%，净利润同比增长21.58%，尤为突出的是归属于上市公司股东的扣除非经常性损益的净利润，报告期内实现同比增长602.92%。营收和利润的增长得益于近年来百利电气对苏州贯龙电磁线公司、成都瑞联电气公司等业内盈利能力较强的企业的并购整合取得了良好的收效。 同时，百利电气在三季报“重要事项进展情况及其影响和解决方案的分析”中说明了拟与瑞士菲兹索尼克公司成立合资公司的有关重大资产重组事项终止后的战略安排，公司董事会认为：经过深入的市场调研和论证，公司认可能源储存产品与设备的发展前景，并将其作为公司产品转型升级的发展战略。在未来的经营中，公司将依据有关规则的规定适时采取其他方式寻求与包括菲兹索尼克公司在内的具有先进储能技术和生产能力的公司开展多种形式的合作，以在储能电池和储能设备领域寻求发展，不断提升上市公司的盈利能力和经营业绩，回报投资者。
378,百利电气：控股股东拟混改引入战投 公司实控人或变更,2017-10-29 14:58:41,600468.sh,百利电气(600468)10月29日晚间公告，控股股东液压集团拟进行混改，拟在天津产权交易中心公开进行交易，择优选择两名战略投资者对液压集团进行增资扩股，并实现天津百利机械装备集团有限公司及新引进的两名战略投资者分别对液压集团持有40%、39%、21%的股权比例，进而形成相互促进和相互制衡的股权结构。此次混改方案如通过，或将导致公司实控人发生变更。公司10月30日复牌。
379,5个月“跨国恋”终止 百利电气储能路受阻,2017-10-17 01:46:59,600468.sh,5个月的“跨国恋”匆忙结束，百利电气(600468，SH)还会继续往前走。 今年5月，秉承“父母”之命，百利电气打算与一位高大英俊的“瑞士人”谈一场以“合资建储能公司”为目的的恋爱。没成想，蜜恋5个月后，双方发现“在一起”有很大难度。10月16日，百利电气宣布该重大资产重组终止。 百利电气工作人员告诉《每日经济新闻》记者，百利电气是在此次重组中才介入储能领域，此前对储能接触不多。此次重组失败，主要是交易方认为其技术估值价格低了。未来，百利电气还会继续关注储能领域。  5月16日，百利电气称，公司收到控股股东天津液压机械(集团)有限公司通知，控股股东正在筹划与本公司相关的重大事项，该事项可能涉及重大资产重组，公司股票自当日起停牌。 百利电气公告称，本次重大资产重组主要交易对方为FZSonickSA(注册于瑞士，以下称菲兹索尼克)，主要从事应用于通讯、交通、输变电服务等领域的能源储存、备用能源、移动交通工具可持续动力等方面的产品和解决方案。 《每日经济新闻》记者从菲兹索尼克集团官网发现，该集团拥有包括菲兹索尼克在内三家公司。菲兹索尼克集团生产基于氯化钠钠技术(钠镍技术)的电池，用于能源备份，可持续发展移动和储能应用。其在瑞士设有生产车间和研发中心，在意大利和美国设有销售办事处，供全球分销。 百利电气拟与菲兹索尼克共同在天津投资设立新公司。百利电气以现金方式入股，持有合资公司51%股权；菲兹索尼克以技术及现金方式入股，持有合资公司的49%股权。合资公司的投资规模暂定约为10亿元人民币。 最终，百利电气终止本次重大资产重组。百利电气称，因本次重组涉及境外公司以技术加现金方式入股，相关尽职调查、审计评估工作程序复杂，谈判工作难度大，虽经多次谈判和积极协商，公司与交易对方对拟入股合资公司的相关技术等无形资产的估值仍未达成一致，且交易对方表示时间过于仓促，难以在短时间内达成一致。  百利电气产品以电气机械和器材产、泵类产品等为主，公司一直在谋求转型升级。 今年8月，有投资者在投资者说明会上问公司进行此次重组的意图是什么时，百利电气总经理史祺回答，交易对方是坐落在瑞士的一家生产储能电池和储能电站设备的制造商，该制造商拥有世界一流的设备制造技术工艺和成熟产品。通过与这家公司的合作，实现公司产业的转型升级，提高企业的核心竞争力和持续盈利能力。 2017年上半年，百利电气实现营收5.93亿元，归属于上市公司股东的扣非净利润为0.29亿元。但是，百利电气也在半年报中坦言，存在应收账款风险，今年上半年应收账款6.19亿元，同比增加36.25%。应收账款占总资产的比例达23.27%，同比增加6.24个百分点。 今年8月，有投资者对百利电气盈利能力不理想表达了意见，“未来公司在并购优质资产时，是否考虑剥离部分与主业无关且连年亏损的子公司，比如做观光电梯的康诚机电”。投资者所称的康城机电全称百利康诚机电设备(天津)有限公司，是百利电气的全资子公司。史祺回答上述投资者时称，今年已经将百利康诚的生产经营停止，将与主业不相关的产业尽快剥离。 此外，百利电气为了延伸产业链，2016年以3.2亿元并购苏州贯龙电磁线有限公司95%股权，标的公司承诺2016年度、2017年度净利润数额分别不低于3786.99万元、4555.51万元。不过，标的公司2016年度实现净利润3683.51万元，相较承诺值低103.48万元。
380,百利电气：终止重大资产重组,2017-10-15 14:33:12,600468.sh,百利电气(600468)10月15日晚间公告，因公司与交易对方对拟入股合资公司的相关技术等无形资产的估值仍未达成一致，且交易对方表示时间过于仓促，难以在短时间内达成一致。为此未能在公司停牌期满五个月时间内完成预案。在综合考虑各方需求及目前实际情况后，公司董事会同意终止重大资产重组。
381,百利电气：拟与菲兹索尼克公司组建合资公司,2017-08-31 20:42:29,600468.sh,"百利电气(600468)8月31日晚公告，公司与菲兹索尼克公司(FZSonickSA)签署了框架协议，双方拟投资组建合资公司，专注于能源储存、备用能源、移动交通持续动力等应用领域的基于钠镍技术的电池产品及相关能源储存和备用能源产品、设备和解决方案。公司以现金方式入股，持有合资公司51%股权；菲兹索尼克公司以技术及现金方式入股，占比49%。合资公司的投资规模约为10亿元(或根据产能设定有所增加). <pstyle=""margin:0px;font-size:12px""align=""center"">"
382,百利电气：控股股东筹划重大事项 明日起停牌,2017-05-15 20:31:47,600468.sh,"百利电气(600468)5月15日晚间公告，控股股东天津液压机械正在筹划与公司相关的重大事项，该事项可能涉及重大资产重组。经公司申请，公司股票自2017年5月16日起停牌。 <pstyle=""margin:0px;font-size:12px""align=""center"">"
383,经营无起色 百利电气拟转增股份遭问询,2017-04-11 02:12:53,600468.sh,在披露公司董事会通过拟向全体股东每10股转增5股的方案后，百利电气于今日收到上交所下发的问询函。 公告显示，百利电气董事会全数通过拟以资本公积转增股本方式，向全体股东每10股转增5股的方案，同时，拟每10股派发现金红利0.30元(含税). 根据同时披露的百利电气2016年年报，公司报告期内的经营情况并未出现显著变化，2016年实现营业收入8.4亿元，同比下降3.37%；实现归属于上市公司股东的扣非净利润993万元，同比增幅仅为4.98%。 就此，上交所在其问询函中首要关注上市公司在经营收入小幅下降、扣非后业绩仅有小幅提升的情况下，此番转增股本的考虑及其合理性，并要求公司补充说明未来是否存在相应提升业务规模和业绩状况的计划和措施。 交易所还注意到，公司曾于2016年1月非公开发行股份8455.03万股，虽然公司关联人(间接控制人)天津百利机械装备集团有限公司的锁定期为36个月，但其他特定投资者的锁定期仅为12个月，后者持有的限售股已于2017年1月25日上市流通。对此，交易所要求百利电气核实提出送转预案是否与相关股东的后续减持安排有关。此外，除已披露理由外，补充说明公司是否存在通过送转方案的其他考虑。 最后，交易所要求公司结合目前股价、市盈率及同行业可比公司情况，充分提示公司股价的交易风险。并同时补充披露本次高比例转增议案形成和决策的具体过程，核实在披露前是否与其他机构或人士进行过相关沟通或交流，并按规定提交内幕知情人信息。
384,百利电气：拟10转5派0.3  遭交易所问询,2017-04-10 21:11:59,600468.sh,"百利电气(600468)4月10日晚公告，公司当日收到交易所下发的高送转事项问询函，要求公司核实并披露高比例转增股本的考虑及其合理性；与相关股东的后续减持安排是否有关等。百利电气9日晚披露年报，2016年度营收8.4亿元，同比下滑3%；扣非后净利993万，同比增长5%；拟10转5派0.3. <pstyle=""margin:0px;font-size:12px""align=""center"">"
385,百利电气19日复牌 拟3.2亿收购苏州贯龙95%股权,2016-05-18 19:20:38,600468.sh,百利电气5月18日晚间公告称，公司于5月12日收到上交所问询函后，公司及独立财务顾问等中介机构对问询函进行了认真回复，并对公司重大资产购买报告书(草案)及摘要进行了补充和完善，经申请，公司股票将于5月19日复牌。 根据方案，百利电气拟以支付现金方式，向王龙宝、王丽英购买其合计持有的苏州贯龙95%股权，交易作价为3.2亿元，交易完成后苏州贯龙将成为公司的控股子公司。 苏州贯龙主要从事电磁线、线圈、铜排等产品的生产和销售，属于电线电缆行业中的电磁线子行业，为业内知名的重型发电装备企业提供产品和服务。公司表示，此次收购后公司电线电缆领域产业链条更趋完善，苏州贯龙与上市公司的主营业务能够产生良好的协同和互补作用，将为上市公司开拓新的利润空间。根据业绩承诺，苏州贯龙2016年度、2017年度预测净利润数额分别不低于3787.98万元、4596.21万元。
386,拟收购标的业绩大幅波动 百利电气被上交所问询,2016-05-13 03:06:05,600468.sh,百利电气(600468)5月12日晚公告称，收到上海证券交易所关于对公司重大资产购买信息披露的问询函。该问询函就百利电气提交的重大资产购买报告书(草案)中涉及的有关盈利预测的合理性、标的资产的行业及经营情况、交易安排等方面相关问题进行问询。 问询函提出，预案披露标的公司苏州贯龙2015年的营业收入及净利润同比分别下降21.62%及20.64%，但预测标的公司2016年及2017年业绩大幅增长。交易对方作出相应的业绩承诺。问询函要求上市公司补充披露：一是标的资产2015年业绩下滑的具体原因，上述原因后续是否将继续影响标的资产业绩；二是截止2016年4月底标的公司实现的营业收入及净利润，并结合前述业绩实现情况、在手订单或合同等信息，量化分析标的公司2016年及2017年业绩保持较大增长的依据。 问询函还提出，本次交易标的资产经营模式中，采购定价采用“电解铜加工费”模式，销售定价采用“铜价加工费”模式；同时，预案表示“采用这种模式可以很大程度上规避原材料价格波动带来的冲击”。问询函要求，详细披露在原材料价格波动较大的情况下，公司采购和销售的定价模式，如何规避价格波动风险；就公司业绩受原材料价格波动的影响，进行敏感性分析。 另外，问询函还对苏州贯龙的主要客户和上市公司是否存在关联关系，是否与上市公司存在业务往来、苏州贯龙截至2015年12月31日应收账款余额高达20994.88万元等提出问询。
387,百利电气拟收购苏州贯龙95%股权,2016-05-04 05:38:54,600468.sh,百利电气5月3日晚发布公告，拟以支付现金方式向王龙宝、王丽英购买其合计持有的苏州贯龙电磁线有限公司95%股权，总价款为3.2亿元。 根据公告，目标公司2016年度、2017年度预测净利润数额分别不低于3787.98万元、4596.21万元。本次交易构成重大资产重组，不构成借壳上市。本次交易不会导致公司实际控制人发生变化。 公告表示，苏州贯龙是一家专业研发、生产电线电缆的高新技术企业，拥有一支较为专业的研发和技术队伍，具备较强的产品研发能力和市场开发能力。通过本次股权交易，百利电气电线电缆领域产业链条更趋完善，将充分借助苏州贯龙公司的人才、技术、设备、生产基地等资源优势生产超导线材产品，进而形成以现有控股子公司北京英纳超导技术有限公司为超导线材研发基地，苏州贯龙公司为超导线材生产基地的产业格局，为上市公司新的业务增长点.
388,百利电气拟3.2亿元并购苏州贯龙95%股权,2016-05-03 20:44:08,600468.sh,百利电气(600468)5月3日晚间披露重大资产重组预案，公司拟以支付现金方式向王龙宝、王丽英购买其合计持有的苏州贯龙95%的股权，标的资产交易价格为3.2亿元。 资料显示，苏州贯龙主要产品有电磁线、线圈和铜排三大类，产品主要用于B级、F级、H级、C级绝缘等级的汽轮发电机、水轮发电机、风电、核电、各类交(直)流电机、变压器等，是我国重点重型发电装备企业主要供应商。 从财务数据看，苏州贯龙在2014年和2015年实现的营业收入分别为6.3亿元和4.9亿元，净利润分别为3160万元和2508万元。交易对方承诺，2016年度、2017年度目标公司预测净利润数额分别不低于3787万元、4596万元。 百利电气表示，苏州贯龙是一家专业研发、生产电线电缆的高新技术企业，拥有一支较为专业的研发和技术队伍，具备较强的产品研发能力和市场开发能力。通过本次股权交易，百利电气电线电缆领域产业链条更趋完善。公司将充分借助苏州贯龙公司的人才、技术、设备、生产基地等资源优势生产超导线材产品，进而形成以现有控股子公司北京英纳超导技术有限公司为超导线材研发基地，苏州贯龙公司为超导线材生产基地的产业格局。
389,百利电气拟筹划重大事项 2日起停牌,2016-02-01 19:49:25,600468.sh,百利电气(600468)2月1日晚间公告，公司因拟筹划重大事项，该事项可能涉及重大资产重组。鉴于该事项存在重大不确定性，公司股票自2016年2月2日起停牌。
401,百利电气非公开发行A股股票方案获天津市国资委批复,2013-12-26 19:41:00,600468.sh,百利电气26日发布公告称，本公司于2013年12月26日接到天津市人民政府国有资产监督管理委员会《市国资委关于百利电气拟非公开发行A股股票有关问题的批复》。 根据批复，天津市国资委同意本公司本次非公开发行股票的方案，并同意公司实际控制人天津百利机电控股集团有限公司以现金方式认购本次非公开发行的部分股票，认购金额不低于本次非公开发行总额的10%。 本次非公开发行股票方案尚需获得公司股东大会批准、中国证券监督管理委员会核准。(来源:证券日报)
402,百利电气非公开发行股票获天津市国资委批复,2013-12-26 19:35:57,600468.sh,百利电气(600468)今日晚间发布公告，公司于2013年12月26日接到天津市国资委《市国资委关于百利电气拟非公开发行A股股票有关问题的批复》(津国资产权[2013]147号)。根据批复，天津市国资委同意公司本次非公开发行股票的方案，并同意公司实际控制人天津百利机电控股集团有限公司以现金方式认购本次非公开发行的部分股票，认购金额不低于本次非公开发行总额的10%。 本次非公开发行股票方案尚需获得公司股东大会批准、中国证监会核准。(来源:中证网)
403,两度折戟后 百利电气第三版定增案出炉,2013-12-02 04:11:18,600468.sh,尽管已两次因批文过期未能成功增发，但百利电气(600468)仍不放弃，今日继续启动非公开发行预案，这是公司就同一项目第三次启动再融资方案。 百利电气今日发布第三版的非公开发行预案，仍计划募资11亿元，投资建设高温超导、智能电网及稀有金属深加工等相关项目。不过，由于二级市场股价已经低于此前增发底价，百利电气再度调低增发底价至9.26元/股，增发数量增至1.23亿股，并且实际控制人百利机电集团承诺将认购不低于定增股份数量的10%。 2010年7月，百利电气第一次抛出定增预案，拟以16.39元/股的增发底价向不超过10名特定对象发行不超过6500万股，募集10亿元用于超导材料、智能电网材料及稀有金属深加工等5个项目。随后走完相关程序并拿到证监会批文。 但天有不测风云。此后不久，A股市场经历了大幅调整，百利电气股价也随着跌入深渊，直至2012年7月28日到期，公司也没能成功将增发股份发行出去。眼看定增方案就要流产，百利电气董事会决定延长定增方案有效期，并调整了增发价格和数量。 而在2012年9月的第二版定增预案中，百利电气将发行价调低至10.92元/股，发行数量也增至1亿股，同时募资总额增加1亿元，主要原因是拟募投项目增加高温超导线材和超导研究中心两个项目。 然而，这次定增仍旧未能成行。百利电气在今年10月12日的一份公告中称，未能在有效期内完成非公开发行工作的主要原因是募投项目中的高温超导限流器样机进行升级和优化，延后了挂网运行时间，同时子公司股权转让事宜尚未完成。 事实上，百利电气股价跌跌不休也是此次增发未能成功的原因之一。今年9月份，百利电气股价一度上涨至13元/股以上，高于增发底价，但此后股价步入跌势，并且在定增批文到期日前后跌至增发底价区间，对于机构投资者而言并无太大吸引力。 为此，百利电气在今日发布的最新版本定增预案中特意加进了实际控制人承诺认购股份的内容，百利机电集团将以现金方式一次性认购不低于此次发行股份的10%，且限售三年，为投资者打了一剂定心针。(来源:证券时报)
404,百利电气控股子公司拟不超2702万购买土地,2013-12-01 19:02:49,600468.sh,"12月1日晚间，百利电气(600468)公告称，公司控股子公司天津泵业机械集团有限公司拟用自有资金购买土地使用权，以作为生产经营用地。 据悉，该宗土地位于天津市北辰区，土地面积约77,200平方米(折合115.8亩)，土地性质为工业用地，使用年限为50年。该宗土地预计出让价格为350元/平方米(23.33万元/亩)，土地出让金总额预计不超过2,702万元。(来源:证券时报网)"
405,百利电气两全资子公司吸收合并,2013-09-06 17:50:35,600468.sh,9月6日晚间，百利电气(600468)公告，为推进超导限流器设备的产业化进程，进一步整合公司研发和生产资源，公司拟决定由百利高压公司对百利超导公司进行吸收合并，吸收合并后的公司继续从事超导限流器的研发、生产、销售工作。 公司全资子公司天津百利超导从事超导限流器业务，而另一全资子公司天津市百利高压电气有限公司具有超导限流器生产所需技术工人、厂房、设备等资源。近年来，超导限流器设备加工、制造及市场推广工作均由百利高压公司承担。 此外，公司拟以现金方式对上述吸收合并后的公司进行增资，增资额为1000万元整，占本次增资金额的100%，增资后该公司注册资本为3000万元，仍为公司全资子公司。(来源:证券时报网)
406,百利电气：2013年半年度主要财务指标,2013-08-22 08:41:31,600468.sh,百利电气(600468)8月21日公告， 基本每股收益(元)0.0312 加权平均净资产收益率(%)2.47 仅供参考，请查阅当日公告全文。(来源:证券时报网)
407,百利电气拟转让赣州海创100%股权,2013-07-10 20:16:42,600468.sh,百利电气(600468)7月10日晚间公告，公司控股子公司赣州特精钨钼业有限公司(简称：赣州特精)拟向江西水龙有色金属集团有限公司转让其持有的赣州海创钨业有限公司(简称：赣州海创)100%股权。本次股权转让须经国有资产监督管理机构批准，并按照天津产权交易中心股权转让程序进场交易。 公司称，由于赣州海创公司主要产品为仲钨酸铵，该产品属于高能耗产品，目前赣州海创处于停产状态，本次股权转让有利于盘活资产，加大主营业务投入。 公司同时公告，董事会同意控股子公司赣州百利(天津)钨钼有限公司在工程预算价格(即2192.65万元)内组织实施新建厂区机电设备安装及装修工程。(来源:证券时报网)
408,百利电气控股子公司参与中央预算内投资建设项目,2013-04-15 18:44:09,600468.sh,百利电气(600468)4月15日晚公告，为提高公司控股子公司天津泵业机械集团有限公司重点型号配套用泵的研发能力，公司拟同意泵业集团参与“XX配套用泵研制保障条件建设项目”，并接收在中央预算内的固定资产投资。 项目计划投资6000万元，项目竣工验收后形成的国有资产转增为泵业集团国有资本公积，由天津百利机电控股集团有限公司百利机电持有或享有。 该项目须上报国家有关主管部门进行立项审批，最终的项目投资金额、国家拨款金额和项目建设内容以国家立项批复为准。
409,百利电气子公司拟2155.7万在新厂区进行设备投资,2013-01-07 21:25:45,600468.sh,百利电气(600468)1月7日晚公告，根据钨钼行业总体发展趋势情况和市场实际需求状况，公司全资子公司赣州百利(天津)钨钼有限公司(以下简称“赣州百利”)拟在新厂区进行设备投资，以提升企业整体设备及工艺装备水平。 设备投资预算金额为2155.7万元。公司同意赣州百利公司在上述投资预算范围内根据市场需求状况择机实施采购。资金来源为赣州百利公司自筹。
